source,target,cluster
19995,206647,10
19995,559,10
19995,1452,10
19995,10764,10
19995,57201,10
19995,49521,10
19995,1865,10
19995,41154,10
19995,57158,10
19995,2268,10
19995,254,10
19995,597,10
19995,44833,10
19995,135397,10
19995,12155,10
19995,36668,10
19995,68728,10
19995,49013,10
19995,44912,10
19995,10193,10
19995,534,10
19995,72190,10
19995,127585,10
19995,81005,10
19995,9543,10
19995,68726,10
19995,38356,10
19995,105864,10
19995,62177,10
19995,5174,10
19995,17979,10
19995,76757,10
19995,155,10
19995,14160,10
19995,15512,10
19995,1726,10
19995,44826,10
19995,8487,10
19995,297761,10
19995,2698,10
19995,14869,10
19995,150540,10
19995,278927,10
19995,58595,10
19995,102651,10
19995,119450,10
19995,64686,10
19995,10192,10
19995,158852,10
19995,177572,10
19995,82690,10
19995,5255,10
19995,10191,10
19995,118340,10
19995,157336,10
19995,27205,10
19995,315011,10
19995,4922,10
19995,49538,10
19995,27022,10
19995,503,10
19995,241259,10
19995,810,10
19995,87101,10
19995,676,10
19995,1858,10
19995,1966,10
19995,675,10
19995,8960,10
19995,6479,10
19995,118,10
19995,2062,10
19995,10527,10
19995,18360,10
19995,2080,10
19995,605,10
19995,109445,10
19995,604,10
19995,76341,10
19995,13448,10
19995,13053,10
19995,19585,10
19995,62213,10
19995,5559,10
19995,10196,10
19995,50321,10
19995,82703,10
19995,652,10
19995,43074,10
19995,95,10
19995,608,10
19995,2310,10
19995,140300,10
19995,81188,10
19995,616,10
19995,147441,10
19995,557,10
19995,82702,10
19995,205584,10
19995,13183,10
19995,944,10
19995,1927,10
19995,72559,10
19995,7364,10
19995,2114,10
19995,50620,10
19995,281957,10
19995,44896,10
19995,270946,10
19995,9502,10
19995,228161,10
19995,74,10
19995,8961,10
19995,417859,10
19995,27576,10
19995,17578,10
19995,181533,10
19995,38055,10
19995,49524,10
19995,131631,10
19995,591,10
19995,36658,10
19995,58574,10
19995,415,10
19995,8871,10
19995,435,10
19995,1979,10
19995,87827,10
19995,1250,10
19995,70981,10
19995,10996,10
19995,68724,10
19995,7459,10
19995,75612,10
19995,1895,10
19995,76170,10
19995,2395,10
19995,12100,10
19995,290595,10
19995,98566,10
19995,49047,10
19995,308531,10
19995,1593,10
19995,2024,10
19995,787,10
19995,262500,10
19995,40805,10
19995,53182,10
19995,41513,10
19995,262504,10
19995,39254,10
19995,77931,10
19995,10588,10
19995,1495,10
19995,10137,10
19995,10198,10
19995,286217,10
19995,1635,10
19995,98,10
19995,180,10
19995,869,10
19995,11322,10
19995,18487,10
19995,68718,10
19995,10545,10
19995,2059,10
19995,2486,10
19995,16523,10
19995,116711,10
19995,37710,10
19995,9946,10
19995,1372,10
19995,106646,10
19995,414,10
19995,563,10
19995,83542,10
19995,41216,10
19995,9016,10
19995,18162,10
19995,10214,10
19995,205775,10
19995,11692,10
19995,22972,10
19995,227973,10
19995,1734,10
19995,3131,10
19995,9890,10
19995,855,10
19995,18,10
19995,57800,10
19995,150689,10
19995,68737,10
19995,1995,10
19995,157353,10
19995,331,10
19995,61791,10
19995,10733,10
19995,9806,10
19995,607,10
19995,5175,10
19995,2655,10
19995,8355,10
19995,116745,10
19995,4327,10
19995,10674,10
19995,65754,10
19995,10528,10
19995,10865,10
19995,2253,10
19995,10661,10
19995,257344,10
19995,644,10
19995,10756,10
19995,686,10
19995,9383,10
19995,1996,10
19995,291805,10
19995,10003,10
19995,10357,10
19995,4477,10
19995,8665,10
19995,921,10
19995,664,10
19995,8358,10
19995,9836,10
19995,76492,10
19995,4523,10
19995,7484,10
19995,853,10
19995,10159,10
19995,9593,10
19995,51052,10
19995,297,10
19995,9884,10
19995,62764,10
19995,9341,10
19995,12107,10
19995,9637,10
19995,9339,10
19995,16281,10
19995,8247,10
19995,11253,10
19995,310,10
19995,27578,10
19995,70160,10
19995,364,10
19995,7518,10
19995,9986,10
19995,8656,10
19995,146216,10
19995,55301,10
19995,11665,10
19995,11324,10
19995,9928,10
19995,754,10
19995,10202,10
19995,13027,10
19995,9574,10
19995,11618,10
19995,2300,10
19995,12096,10
19995,10200,10
19995,228150,10
19995,6068,10
19995,41515,10
19995,9023,10
19995,38317,10
19995,2157,10
19995,14462,10
19995,49948,10
19995,2135,10
19995,9822,10
19995,12159,10
19995,9678,10
19995,4442,10
19995,75,10
19995,330770,10
19995,9433,10
19995,19959,10
19995,77951,10
19995,5491,10
19995,9447,10
19995,274854,10
19995,8870,10
19995,9992,10
19995,36970,10
19995,10077,10
19995,76649,10
19995,293644,10
19995,8587,10
19995,109451,10
19995,9533,10
19995,2023,10
19995,309809,10
19995,4858,10
19995,17711,10
19995,8698,10
19995,953,10
19995,9693,10
19995,950,10
19995,2976,10
19995,332,10
19995,6538,10
19995,10555,10
19995,612,10
19995,9567,10
19995,37821,10
19995,203801,10
19995,9297,10
19995,3172,10
19995,6520,10
19995,37958,10
19995,2026,10
19995,7450,10
19995,11375,10
19995,9425,10
19995,25769,10
19995,23685,10
19995,11866,10
19995,9741,10
19995,211672,10
19995,23629,10
19995,8688,10
19995,153518,10
19995,8676,10
19995,4349,10
19995,10808,10
19995,197,10
19995,1997,10
19995,3050,10
19995,2675,10
19995,16869,10
19995,879,10
19995,1903,10
19995,9697,10
19995,395,10
19995,23398,10
19995,10590,10
19995,587,10
19995,10395,10
19995,152760,10
19995,2756,10
19995,49017,10
19995,9882,10
19995,2270,10
19995,978,10
19995,3132,10
19995,8814,10
19995,8427,10
19995,52520,10
19995,80585,10
19995,11535,10
19995,12610,10
19995,5137,10
19995,3093,10
19995,4614,10
19995,24021,10
19995,26428,10
19995,9824,10
19995,300673,10
19995,72331,10
19995,1844,10
19995,846,10
19995,9703,10
19995,425,10
19995,6171,10
19995,9021,10
19995,9208,10
19995,4244,10
19995,1852,10
19995,345,10
19995,196867,10
19995,256591,10
19995,59962,10
19995,36648,10
19995,71679,10
19995,11412,10
19995,11983,10
19995,6795,10
19995,10783,10
19995,257,10
19995,9947,10
19995,253412,10
19995,1427,10
19995,818,10
19995,16577,10
19995,329,10
19995,12160,10
19995,3536,10
19995,12138,10
19995,273248,10
19995,9955,10
19995,1271,10
19995,497,10
19995,9982,10
19995,210577,10
19995,9837,10
19995,5994,10
19995,39514,10
19995,1538,10
19995,9334,10
19995,11128,10
19995,8914,10
19995,13576,10
19995,39538,10
19995,10628,10
19995,8645,10
19995,9509,10
19995,9279,10
19995,1487,10
19995,77174,10
19995,4824,10
19995,9620,10
19995,10199,10
19995,10771,10
19995,8078,10
19995,7485,10
19995,170687,10
19995,6435,10
19995,6278,10
19995,82682,10
19995,17610,10
19995,16558,10
19995,9849,10
19995,16866,10
19995,11679,10
19995,38321,10
19995,14411,10
19995,8413,10
19995,9664,10
19995,10384,10
19995,137321,10
19995,123553,10
19995,11260,10
19995,8285,10
19995,210860,10
19995,2312,10
19995,9839,10
19995,13922,10
19995,190859,10
19995,257445,10
19995,9007,10
19995,889,10
19995,1370,10
19995,347969,10
19995,35791,10
19995,72431,10
19995,1813,10
19995,8840,10
19995,10589,10
19995,71676,10
19995,10022,10
19995,11358,10
19995,6477,10
19995,10530,10
19995,1924,10
19995,9327,10
19995,10603,10
19995,8839,10
19995,156022,10
19995,8963,10
19995,8984,10
19995,795,10
19995,9374,10
19995,8584,10
19995,2320,10
19995,8077,10
19995,8818,10
19995,8195,10
19995,116149,10
19995,10632,10
19995,72197,10
19995,12123,10
19995,9833,10
19995,145220,10
19995,14623,10
19995,36586,10
19995,8536,10
19995,479,10
19995,11456,10
19995,3683,10
19995,22803,10
19995,285923,10
19995,97630,10
19995,11817,10
19995,18239,10
19995,38050,10
19995,72105,10
19995,37686,10
19995,187017,10
19995,628,10
19995,224141,10
19995,2112,10
19995,10329,10
19995,74465,10
19995,13811,10
19995,6950,10
19995,225574,10
19995,13836,10
19995,752,10
19995,6038,10
19995,11451,10
19995,60304,10
19995,46529,10
19995,300671,10
19995,228326,10
19995,2649,10
19995,9631,10
19995,928,10
19995,1577,10
19995,14199,10
19995,1907,10
19995,9691,10
19995,72710,10
19995,10782,10
19995,10061,10
19995,10386,10
19995,421,10
19995,316152,10
19995,241554,10
19995,2252,10
19995,11968,10
19995,10047,10
19995,69668,10
19995,11212,10
19995,11863,10
19995,109491,10
19995,9275,10
19995,10416,10
19995,47327,10
19995,15268,10
19995,10796,10
19995,9548,10
19995,1900,10
19995,198184,10
19995,9481,10
19995,9896,10
19995,167,10
19995,11232,10
19995,1636,10
19995,2148,10
19995,260346,10
19995,1389,10
19995,9894,10
19995,8592,10
19995,913,10
19995,1368,10
19995,593,10
19995,5393,10
19995,9095,10
19995,320,10
19995,20533,10
19995,10684,10
19995,888,10
19995,1493,10
19995,88751,10
19995,11130,10
19995,9944,10
19995,10731,10
19995,9869,10
19995,926,10
19995,64328,10
19995,36647,10
19995,1537,10
19995,9360,10
19995,27983,10
19995,9981,10
19995,7453,10
19995,7737,10
19995,8987,10
19995,9759,10
19995,9486,10
19995,9906,10
19995,841,10
19995,4688,10
19995,2207,10
19995,9381,10
19995,9625,10
19995,9304,10
19995,20856,10
19995,21355,10
19995,11439,10
19995,9457,10
19995,1494,10
19995,2185,10
19995,58233,10
19995,116977,10
19995,5503,10
19995,1369,10
19995,10935,10
19995,834,10
19995,228066,10
19995,11560,10
19995,2637,10
19995,49730,10
19995,9607,10
19995,79,10
19995,46528,10
19995,280391,10
19995,9476,10
19995,10610,10
19995,745,10
19995,165,10
19995,216015,10
19995,12279,10
19995,193756,10
19995,196,10
19995,6114,10
19995,9036,10
19995,9361,10
19995,7461,10
19995,820,10
19995,6073,10
19995,8007,10
19995,4380,10
19995,11551,10
19995,10336,10
19995,11362,10
19995,48138,10
19995,68179,10
19995,1579,10
19995,34851,10
19995,9930,10
19995,1586,10
19995,2044,10
19995,9913,10
19995,71864,10
19995,209451,10
19995,11975,10
19995,11831,10
19995,440,10
19995,11172,10
19995,39513,10
19995,8224,10
19995,10154,10
19995,188161,10
19995,8850,10
19995,11398,10
19995,10391,10
19995,9306,10
19995,11370,10
19995,11858,10
19995,62835,10
19995,10461,10
19995,2687,10
19995,78698,10
19995,30943,10
19995,24418,10
19995,19898,10
19995,4965,10
19995,15074,10
19995,56715,10
19995,1272,10
19995,266396,10
19995,9978,10
19995,10428,10
19995,5353,10
19995,14392,10
19995,110415,10
19995,9495,10
19995,256040,10
19995,24420,10
19995,9531,10
19995,12289,10
19995,9488,10
19995,44865,10
19995,256961,10
19995,5852,10
19995,12508,10
19995,1091,10
19995,87421,10
19995,10871,10
19995,13503,10
19995,299687,10
19995,10488,10
19995,96721,10
19995,8966,10
19995,16911,10
19995,2163,10
19995,23048,10
19995,227735,10
19995,48171,10
19995,782,10
19995,365222,10
19995,817,10
19995,268,10
19995,943,10
19995,10054,10
19995,44264,10
19995,152,10
19995,409,10
19995,9348,10
19995,8843,10
19995,9313,10
19995,140823,10
19995,12437,10
19995,1576,10
19995,5516,10
19995,11469,10
19995,88794,10
19995,11979,10
19995,169,10
19995,94348,10
19995,336004,10
19995,35019,10
19995,10410,10
19995,8836,10
19995,14442,10
19995,59965,10
19995,14175,10
19995,11918,10
19995,49526,10
19995,9093,10
19995,118957,10
19995,849,10
19995,4515,10
19995,18886,10
19995,13496,10
19995,22787,10
19995,144336,10
19995,9616,10
19995,14113,10
19995,285783,10
19995,49478,10
19995,9311,10
19995,9280,10
19995,26843,10
19995,11876,10
19995,22267,10
19995,1969,10
19995,198663,10
19995,1381,10
19995,2900,10
19995,21311,10
19995,9600,10
19995,202575,10
19995,71469,10
19995,85446,10
19995,326,10
19995,10685,10
19995,10719,10
19995,9294,10
19995,9647,10
19995,38322,10
19995,45612,10
19995,7305,10
19995,157841,10
19995,12106,10
19995,11141,10
19995,31867,10
19995,10253,10
19995,3587,10
19995,24662,10
19995,182,10
19995,2054,10
19995,698,10
19995,11313,10
19995,10559,10
19995,8012,10
19995,1574,10
19995,1637,10
19995,2907,10
19995,9273,10
19995,9880,10
19995,807,10
19995,322,10
19995,18126,10
19995,4476,10
19995,82654,10
19995,9598,10
19995,10762,10
19995,10096,10
19995,59436,10
19995,227783,10
19995,21972,10
19995,3933,10
19995,273481,10
19995,293863,10
19995,13156,10
19995,1262,10
19995,9013,10
19995,10776,10
19995,9823,10
19995,133805,10
19995,12763,10
19995,9766,10
19995,12244,10
19995,9271,10
19995,4474,10
19995,184346,10
19995,43539,10
19995,9920,10
19995,11702,10
19995,18550,10
19995,8869,10
19995,3489,10
19995,2122,10
19995,37707,10
19995,10658,10
19995,9042,10
19995,11208,10
19995,14164,10
19995,11058,10
19995,57089,10
19995,8054,10
19995,146238,10
19995,9665,10
19995,102362,10
19995,17186,10
19995,13967,10
19995,2008,10
19995,4512,10
19995,76349,10
19995,50135,10
19995,367961,10
19995,223702,10
19995,9449,10
19995,4912,10
19995,11249,10
19995,9667,10
19995,812,10
19995,2043,10
19995,26320,10
19995,924,10
19995,2832,10
19995,8831,10
19995,112949,10
19995,10439,10
19995,218778,10
19995,78,10
19995,192102,10
19995,2001,10
19995,10025,10
19995,23172,10
19995,17834,10
19995,10016,10
19995,58431,10
19995,59859,10
19995,15927,10
19995,9437,10
19995,525,10
19995,10188,10
19995,9825,10
19995,186,10
19995,61891,10
19995,34584,10
19995,2666,10
19995,42807,10
19995,56288,10
19995,1613,10
19995,16617,10
19995,37028,10
19995,14560,10
19995,1934,10
19995,9454,10
19995,1551,10
19995,134374,10
19995,15028,10
19995,11509,10
19995,7445,10
19995,2057,10
19995,70436,10
19995,8011,10
19995,9092,10
19995,2779,10
19995,36355,10
19995,238615,10
19995,788,10
19995,619,10
19995,11024,10
19995,208763,10
19995,12589,10
19995,1497,10
19995,117,10
19995,11969,10
19995,1265,10
19995,11283,10
19995,77866,10
19995,14317,10
19995,227156,10
19995,9655,10
19995,1268,10
19995,11237,10
19995,11165,10
19995,6116,10
19995,21724,10
19995,9290,10
19995,13374,10
19995,319888,10
19995,1909,10
19995,22971,10
19995,34813,10
19995,46261,10
19995,10167,10
19995,18975,10
19995,22825,10
19995,11152,10
19995,43931,10
19995,12770,10
19995,11954,10
19995,60309,10
19995,6978,10
19995,10655,10
19995,20766,10
19995,24264,10
19995,9067,10
19995,8338,10
19995,168705,10
19995,94352,10
19995,152742,10
19995,25353,10
19995,36696,10
19995,38543,10
19995,33157,10
19995,290864,10
19995,83770,10
19995,168,10
19995,1788,10
19995,10480,10
19995,10313,10
19995,18828,10
19995,10208,10
19995,24961,10
19995,20697,10
19995,26672,10
19995,4935,10
19995,9737,10
19995,2787,10
19995,152601,10
19995,10866,10
19995,227707,10
19995,580,10
19995,6973,10
19995,30596,10
19995,256917,10
19995,251,10
19995,11395,10
19995,1642,10
19995,277,10
19995,11323,10
19995,10878,10
19995,10279,10
19995,270487,10
19995,24100,10
19995,5550,10
19995,30379,10
19995,42586,10
19995,17709,10
19995,287948,10
19995,9075,10
19995,11661,10
19995,109513,10
19995,204922,10
19995,21494,10
19995,164457,10
19995,4566,10
19995,1073,10
19995,153158,10
19995,9473,10
19995,1499,10
19995,8456,10
19995,7341,10
19995,49517,10
19995,1946,10
19995,772,10
19995,840,10
19995,8872,10
19995,16290,10
19995,11637,10
19995,9312,10
19995,8326,10
19995,35690,10
19995,13497,10
19995,162,10
19995,16690,10
19995,14873,10
19995,8968,10
19995,21208,10
19995,272878,10
19995,314365,10
19995,13279,10
19995,1649,10
19995,9895,10
19995,9570,10
19995,14359,10
19995,3989,10
19995,20391,10
19995,19904,10
19995,243,10
19995,38,10
19995,107985,10
19995,14043,10
19995,19901,10
19995,59860,10
19995,9588,10
19995,12819,10
19995,9954,10
19995,577,10
19995,328387,10
19995,12690,10
19995,9945,10
19995,526,10
19995,22796,10
19995,5915,10
19995,61012,10
19995,755,10
19995,9470,10
19995,470,10
19995,10642,10
19995,9414,10
19995,11382,10
19995,8198,10
19995,15070,10
19995,12797,10
19995,17134,10
19995,41402,10
19995,18885,10
19995,9716,10
19995,42618,10
19995,171274,10
19995,109417,10
19995,13948,10
19995,46435,10
19995,256962,10
19995,3509,10
19995,12142,10
19995,23367,10
19995,14582,10
19995,21755,10
19995,128,10
19995,16608,10
19995,7299,10
19995,19457,10
19995,8953,10
19995,46503,10
19995,13688,10
19995,10353,10
19995,43935,10
19995,14538,10
19995,133931,10
19995,6968,10
19995,581,10
19995,12150,10
19995,4232,10
19995,105,10
19995,62630,10
19995,29427,10
19995,129,10
19995,2669,10
19995,13523,10
19995,73191,10
19995,22479,10
19995,10065,10
19995,1878,10
19995,854,10
19995,2280,10
19995,8643,10
19995,218043,10
19995,10147,10
19995,816,10
19995,302688,10
19995,60307,10
19995,279,10
19995,8617,10
19995,10013,10
19995,9829,10
19995,10028,10
19995,10364,10
19995,11904,10
19995,28665,10
19995,44115,10
19995,20483,10
19995,38665,10
19995,848,10
19995,522,10
19995,12246,10
19995,245703,10
19995,10017,10
19995,193613,10
19995,43434,10
19995,69848,10
19995,9389,10
19995,290555,10
19995,8328,10
19995,241254,10
19995,1933,10
19995,679,10
19995,11113,10
19995,3597,10
19995,7516,10
19995,41439,10
19995,38117,10
19995,114150,10
19995,10223,10
19995,27759,10
19995,9310,10
19995,1491,10
19995,2989,10
19995,10629,10
19995,255343,10
19995,4723,10
19995,4032,10
19995,18615,10
19995,9285,10
19995,1417,10
19995,39180,10
19995,16161,10
19995,49950,10
19995,10956,10
19995,9594,10
19995,4638,10
19995,13491,10
19995,25166,10
19995,1090,10
19995,40160,10
19995,18074,10
19995,8009,10
19995,68727,10
19995,73935,10
19995,264656,10
19995,16351,10
19995,38717,10
19995,2110,10
19995,9035,10
19995,12154,10
19995,744,10
19995,146,10
19995,33196,10
19995,205596,10
19995,11153,10
19995,4011,10
19995,287903,10
19995,9276,10
19995,947,10
19995,18405,10
19995,2493,10
19995,64690,10
19995,1562,10
19995,14736,10
19995,9434,10
19995,11531,10
19995,9100,10
19995,116,10
19995,10413,10
19995,8975,10
19995,9424,10
19995,254904,10
19995,12162,10
19995,11495,10
19995,15511,10
19995,12211,10
19995,13816,10
19995,10743,10
19995,37718,10
19995,13539,10
19995,14024,10
19995,9026,10
19995,8321,10
19995,8053,10
19995,2290,10
19995,5236,10
19995,6552,10
19995,10075,10
19995,42188,10
19995,6687,10
19995,13853,10
19995,8461,10
19995,331592,10
19995,19,10
19995,253450,10
19995,9104,10
19995,23759,10
19995,10185,10
19995,31668,10
19995,13501,10
19995,172391,10
19995,262543,10
19995,20083,10
19995,137,10
19995,264999,10
19995,10998,10
19995,9396,10
19995,14435,10
19995,12227,10
19995,12158,10
19995,11586,10
19995,12403,10
19995,10368,10
19995,44092,10
19995,16005,10
19995,97370,10
19995,801,10
19995,54518,10
19995,9816,10
19995,11967,10
19995,332567,10
19995,1954,10
19995,22345,10
19995,9448,10
19995,38223,10
19995,11186,10
19995,5876,10
19995,264660,10
19995,492,10
19995,238603,10
19995,1251,10
19995,5172,10
19995,11592,10
19995,3682,10
19995,9683,10
19995,2084,10
19995,28211,10
19995,9950,10
19995,59678,10
19995,79777,10
19995,407887,10
19995,17043,10
19995,62204,10
19995,319,10
19995,6217,10
19995,43867,10
19995,14574,10
19995,16,10
19995,23631,10
19995,45324,10
19995,12144,10
19995,11658,10
19995,578,10
19995,126319,10
19995,154,10
19995,3049,10
19995,860,10
19995,9281,10
19995,75674,10
19995,9762,10
19995,3179,10
19995,184,10
19995,13335,10
19995,76726,10
19995,10269,10
19995,36819,10
19995,17130,10
19995,13812,10
19995,10437,10
19995,16241,10
19995,14191,10
19995,286565,10
19995,9059,10
19995,11027,10
19995,387,10
19995,122906,10
19995,9550,10
19995,227719,10
19995,10944,10
19995,1255,10
19995,10212,10
19995,844,10
19995,8060,10
19995,15907,10
19995,41508,10
19995,10133,10
19995,50601,10
19995,8913,10
19995,927,10
19995,907,10
19995,206563,10
19995,11887,10
19995,12094,10
19995,10748,10
19995,796,10
19995,3175,10
19995,766,10
19995,11065,10
19995,13888,10
19995,13994,10
19995,11917,10
19995,45138,10
19995,190847,10
19995,62,10
19995,601,10
19995,25379,10
19995,304410,10
19995,214,10
19995,316727,10
19995,663,10
19995,9289,10
19995,1648,10
19995,17917,10
19995,19405,10
19995,10163,10
19995,12182,10
19995,1832,10
19995,15301,10
19995,11336,10
19995,22824,10
19995,8359,10
19995,15648,10
19995,9362,10
19995,14729,10
19995,9455,10
19995,10090,10
19995,164558,10
19995,9515,10
19995,328425,10
19995,14120,10
19995,10029,10
19995,11507,10
19995,88005,10
19995,14283,10
19995,13201,10
19995,73247,10
19995,9952,10
19995,256924,10
19995,134371,10
19995,10388,10
19995,47890,10
19995,252512,10
19995,29076,10
19995,14195,10
19995,13191,10
19995,10034,10
19995,5072,10
19995,184374,10
19995,268171,10
19995,12245,10
19995,7006,10
19995,66767,10
19995,283671,10
19995,217708,10
19995,17577,10
19995,14608,10
19995,15067,10
19995,43090,10
19995,11576,10
19995,11827,10
19995,22820,10
19995,244316,10
19995,62215,10
19995,66125,10
19995,348,10
19995,68684,10
19995,9400,10
19995,10472,10
19995,11282,10
19995,10705,10
19995,14624,10
19995,10179,10
19995,67675,10
19995,27329,10
19995,15699,10
19995,8883,10
19995,9671,10
19995,11588,10
19995,333355,10
19995,327833,10
19995,71805,10
19995,150202,10
19995,19644,10
19995,152747,10
19995,14353,10
19995,11818,10
19995,15121,10
19995,2619,10
19995,170,10
19995,28121,10
19995,11596,10
19995,14429,10
19995,1359,10
19995,10873,10
19995,291270,10
19995,1958,10
19995,26618,10
19995,46138,10
19995,26963,10
19995,153397,10
19995,10288,10
19995,12192,10
19995,13197,10
19995,10913,10
19995,149,10
19995,10425,10
19995,33542,10
19995,2577,10
19995,14165,10
19995,2011,10
19995,45650,10
19995,25941,10
19995,17908,10
19995,8068,10
19995,10803,10
19995,10117,10
19995,9392,10
19995,1696,10
19995,308639,10
19995,11342,10
19995,57825,10
19995,9555,10
19995,13006,10
19995,16651,10
19995,25388,10
19995,11687,10
19995,1956,10
19995,27004,10
19995,8879,10
19995,13001,10
19995,13649,10
19995,46738,10
19995,41009,10
19995,7347,10
19995,38415,10
19995,34723,10
19995,9430,10
19995,10514,10
19995,26665,10
19995,621,10
19995,792,10
19995,642,10
19995,433,10
19995,1725,10
19995,629,10
19995,1103,10
19995,10622,10
19995,10215,10
19995,25066,10
19995,80304,10
19995,67913,10
19995,20794,10
19995,576,10
19995,11583,10
19995,27549,10
19995,837,10
19995,3482,10
19995,14351,10
19995,979,10
19995,51995,10
19995,22908,10
19995,84204,10
19995,16633,10
19995,63006,10
19995,333371,10
19995,9012,10
19995,11284,10
19995,173,10
19995,77,10
19995,24266,10
19995,16508,10
19995,26748,10
19995,14854,10
19995,50357,10
19995,16441,10
19995,29996,10
19995,22649,10
19995,20455,10
19995,10786,10
19995,12484,10
19995,17339,10
19995,17431,10
19995,3028,10
19995,16148,10
19995,245916,10
19995,1415,10
19995,313922,10
19995,199933,10
19995,38428,10
19995,56930,10
19995,71547,10
19995,57876,10
19995,13849,10
19995,14849,10
19995,12486,10
19995,244403,10
19995,292481,10
19995,299552,10
19995,11935,10
19995,290825,10
19995,361159,10
19995,10914,10
19995,5689,10
19995,10339,10
19995,9303,10
19995,27686,10
19995,65749,10
19995,141,10
19995,17139,10
19995,68818,10
19995,36419,10
19995,375290,10
19995,116613,10
19995,34069,10
19995,10947,10
19995,47452,10
19995,3040,10
19995,11386,10
19995,27191,10
19995,987,10
19995,8337,10
19995,5925,10
19995,512,10
19995,47816,10
19995,11536,10
19995,6537,10
19995,5,10
19995,16448,10
19995,8141,10
19995,48572,10
19995,14517,10
19995,89708,10
19995,27551,10
19995,14293,10
19995,48309,10
19995,20468,10
19995,52015,10
19995,81390,10
19995,10981,10
19995,14902,10
19995,22301,10
19995,251979,10
19995,770,10
19995,29715,10
19995,25209,10
19995,34769,10
19995,35032,10
19995,352978,10
19995,9516,10
19995,23330,10
19995,26268,10
19995,310131,10
19995,25376,10
19995,765,10
19995,205321,10
19995,89540,10
19995,46146,10
19995,370464,10
19995,224569,10
19995,39303,10
19995,142061,10
19995,252360,10
19995,241766,10
19995,1667,10
19995,13551,10
19995,11564,10
19995,805,10
19995,55347,10
19995,10070,10
19995,125490,10
19995,1585,10
19995,158015,10
19995,82507,10
19995,1685,10
19995,20737,10
19995,10991,10
19995,34086,10
19995,5854,10
19995,10285,10
19995,5780,10
19995,292,10
19995,223485,10
19995,15582,10
19995,15158,10
19995,7509,10
19995,252,10
19995,24126,10
19995,670,10
19995,35691,10
19995,49010,10
19995,11229,10
19995,34099,10
19995,70006,10
19995,260947,10
19995,10226,10
19995,356483,10
19995,13025,10
19995,17264,10
19995,15875,10
19995,43306,10
19995,11072,10
19995,14139,10
19995,872,10
19995,10676,10
19995,24748,10
19995,181330,10
19995,84329,10
19995,13007,10
19995,13518,10
19995,20764,10
19995,45132,10
19995,7512,10
19995,78373,10
19995,17820,10
19995,19933,10
19995,756,10
19995,31163,10
19995,16205,10
19995,28165,10
19995,11561,10
19995,8810,10
19995,55604,10
19995,9662,10
19995,11194,10
19995,7873,10
19995,1378,10
19995,8885,10
19995,57120,10
19995,12228,10
19995,67373,10
19995,206296,10
19995,35219,10
19995,28260,10
19995,7515,10
19995,22600,10
19995,12612,10
19995,34335,10
19995,18808,10
19995,12602,10
19995,98549,10
19995,312793,10
19995,309919,10
19995,26388,10
19995,14048,10
19995,38358,10
19995,935,10
19995,58492,10
19995,37232,10
19995,386826,10
19995,10894,10
19995,246449,10
19995,43947,10
19995,9709,10
19995,11426,10
19995,1651,10
19995,20156,10
19995,9464,10
19995,13820,10
19995,23963,10
19995,253306,10
19995,408,10
19995,44413,10
19995,266034,10
19995,2661,10
19995,295914,10
19995,223,10
19995,176,10
19995,39939,10
19995,11219,10
19995,60400,10
19995,16433,10
19995,43884,10
19995,50037,10
19995,53502,10
19995,202604,10
19995,811,10
19995,5769,10
19995,11298,10
19995,10643,10
19995,5722,10
19995,39833,10
19995,18712,10
19995,7944,10
19995,171424,10
19995,361475,10
19995,113947,10
19995,9707,10
19995,56666,10
19995,13198,10
19995,244267,10
19995,201132,10
19995,112456,10
19995,25983,10
19995,66195,10
19995,46727,10
19995,18206,10
19995,320146,10
19995,13856,10
19995,56491,10
19995,269057,10
19995,206213,10
19995,29146,10
19995,127867,10
19995,3170,10
19995,45767,10
19995,57294,10
19995,905,10
19995,10105,10
19995,13158,10
19995,84332,10
19995,74510,10
19995,74725,10
19995,206197,10
19995,26837,10
19995,118612,10
19995,3080,10
19995,9459,10
19995,26916,10
19995,211086,10
19995,23069,10
19995,14358,10
19995,125052,10
19995,45649,10
19995,43933,10
19995,30867,10
19995,322194,10
19995,98568,10
19995,380733,10
19995,285743,10
19995,15239,10
19995,4107,10
19995,3062,10
19995,464,10
19995,762,10
19995,1435,10
19995,18045,10
19995,11240,10
19995,25678,10
19995,52032,10
19995,21525,10
19995,11980,10
19995,47534,10
19995,13282,10
19995,250184,10
19995,431,10
19995,29917,10
19995,70687,10
19995,60463,10
19995,24869,10
19995,306667,10
19995,3060,10
19995,173224,10
19995,18533,10
19995,139948,10
19995,35073,10
19995,9659,10
19995,53256,10
19995,54702,10
19995,5759,10
19995,13363,10
19995,21334,10
19995,55420,10
19995,5822,10
19995,50497,10
19995,13187,10
19995,1779,10
19995,86812,10
19995,985,10
19995,18841,10
19995,175291,10
19995,51130,10
19995,72086,10
19995,268917,10
19995,473,10
19995,9372,10
19995,74777,10
19995,20981,10
19995,242095,10
19995,13963,10
19995,42151,10
19995,38780,10
19995,86304,10
19995,692,10
19995,36095,10
19995,14337,10
19995,231617,10
285,58,20
285,49051,20
285,10195,20
285,22,20
285,18823,20
285,1911,20
285,120,20
285,122,20
285,121,20
285,9387,20
285,9610,20
285,9626,20
49026,9615,10
49026,136797,10
49026,13389,10
49026,8838,10
49026,2034,10
49026,6071,10
49026,9702,10
49026,127493,10
49026,22907,10
49026,111,10
49026,1266,10
49026,4597,10
49026,11835,10
49026,332411,10
49026,1620,10
49026,7304,10
49026,4911,10
49026,2088,10
49026,1619,10
49026,11022,10
49026,8982,10
49026,26039,10
49026,507,10
49026,18869,10
49529,99861,10
49529,68721,10
49529,54138,10
49529,188927,10
49529,14161,10
49529,100402,10
49529,47933,10
49529,131634,10
49529,1771,10
49529,861,10
49529,166424,10
49529,9562,10
49529,602,10
49529,11411,10
49529,25763,10
49529,9355,10
49529,21512,10
49529,146631,10
49529,24746,10
38757,62211,30
38757,10681,30
38757,49444,30
38757,80321,30
38757,77950,30
38757,10567,30
38757,13700,30
38757,12,30
38757,11544,30
38757,328111,30
38757,20352,30
38757,14836,30
38757,9444,30
38757,10895,30
38757,11802,30
38757,12429,30
38757,51162,30
38757,14444,30
38757,20694,30
38757,49953,30
38757,15655,30
38757,10800,30
767,674,20
767,673,20
767,671,20
767,672,20
767,32657,20
209112,122917,10
209112,1930,10
209112,558,10
209112,102382,10
209112,68735,10
209112,76338,10
209112,381902,10
209112,1729,10
209112,9288,10
2454,411,20
2454,10140,20
2454,266647,20
2454,267935,20
2454,8204,20
2454,76285,20
2454,2309,20
2454,11359,20
2454,13600,20
2454,13155,20
2454,294272,20
2454,630,20
24428,8373,150
24428,91314,150
24428,13475,150
24428,1724,150
24428,102899,150
24428,82700,150
24428,80274,150
24428,8854,150
20662,258489,10
20662,184315,10
20662,1408,10
20662,1656,10
20662,188207,10
20662,9342,10
20662,59917,10
271110,20526,20
271110,10138,20
271110,101299,20
271110,1894,20
271110,1893,20
271110,157350,20
271110,72545,20
271110,330,20
271110,36657,20
271110,1892,20
271110,1891,20
271110,27380,20
271110,11,20
37724,177677,10
37724,9619,10
37724,1639,10
37724,76163,10
37724,138103,10
37724,11228,10
37724,9802,10
37724,11678,10
37724,7451,10
37724,49021,10
37724,10550,10
37724,5551,10
37724,9350,10
37724,708,10
37724,11667,10
37724,37498,10
37724,1669,10
37724,10861,10
37724,10999,10
168259,10048,10
168259,10477,10
168259,294254,10
168259,16995,10
168259,27573,10
168259,10718,10
168259,13051,10
168259,302156,10
168259,1428,10
168259,13495,10
168259,10923,10
168259,335778,10
168259,244339,10
168259,97430,10
168259,24227,10
168259,250066,10
168259,326284,10
168259,15797,10
168259,540,10
168259,11690,10
64682,453,70
64682,11086,70
64682,11820,70
64682,12618,70
64682,547,70
64682,9302,70
64682,87825,70
64682,42297,70
64682,802,70
64682,1950,70
64682,9441,70
64682,10390,70
64682,96724,70
64682,4148,70
64682,6639,70
64682,10641,70
64682,10647,70
64682,1833,70
64682,1921,70
64682,15556,70
64682,55787,70
64682,10219,70
64682,2288,70
64682,6440,70
64682,10436,70
64682,228205,70
64682,8055,70
64682,72570,70
64682,10333,70
64682,22947,70
64682,9715,70
64682,6023,70
64682,4347,70
64682,41233,70
64682,53113,70
64682,11162,70
64682,4348,70
64682,1259,70
64682,239571,70
64682,77877,70
64682,859,70
64682,11632,70
64682,688,70
64682,10445,70
64682,7548,70
64682,296096,70
64682,226857,70
64682,314385,70
64682,14202,70
64682,25643,70
64682,10068,70
64682,36811,70
64682,33870,70
64682,4584,70
64682,2977,70
64682,5038,70
64682,23169,70
64682,152599,70
64682,9587,70
64682,266856,70
64682,1245,70
64682,45272,70
64682,51828,70
64682,454,70
64682,12405,70
64682,8291,70
64682,28029,70
64682,87729,70
64682,37842,70
64682,142,70
64682,10712,70
64682,10691,70
64682,2266,70
64682,84892,70
64682,13435,70
64682,39780,70
64682,1360,70
64682,3635,70
64682,10362,70
64682,38448,70
64682,89325,70
64682,357837,70
64682,10229,70
64682,167073,70
64682,14395,70
64682,41823,70
64682,41110,70
64682,1989,70
64682,9700,70
64682,86837,70
64682,132316,70
64682,14811,70
64682,25968,70
64682,10696,70
64682,29963,70
64682,26022,70
64682,8293,70
64682,26306,70
64682,7870,70
64682,24684,70
64682,713,70
64682,34653,70
64682,4251,70
64682,37080,70
64682,325373,70
64682,12163,70
64682,12509,70
64682,1443,70
64682,7547,70
64682,11889,70
64682,1391,70
64682,1365,70
64682,451,70
64682,10744,70
64682,64678,70
64682,12586,70
64682,22051,70
64682,11257,70
64682,261,70
64682,16642,70
64682,26371,70
64682,468,70
64682,76,70
64682,20,70
64682,80,70
64682,33667,70
64682,250124,70
64682,542,70
64682,25312,70
64682,15976,70
64682,14054,70
64682,86331,70
64682,289,70
64682,46705,70
64682,32456,70
64682,13132,70
64682,19344,70
64682,90369,70
64682,15624,70
64682,60420,70
64682,79120,70
64682,40652,70
64682,42497,70
217,9804,20
217,89,20
217,9826,20
217,87,20
217,85,20
217,270938,20
246655,2067,150
246655,8452,150
246655,10153,150
246655,3604,150
246655,17654,150
246655,61984,150
246655,31909,150
246655,42684,150
246655,8069,150
246655,38541,150
246655,290370,150
246655,42033,150
246655,360188,150
1735,79698,20
1735,49852,20
1735,59981,20
1735,300168,20
1735,38579,20
1735,13498,20
1735,15045,20
1735,17379,20
1735,18937,20
1735,7288,20
1735,20542,20
1735,19495,20
1735,257932,20
1735,14324,20
1735,2162,20
1735,16300,20
1735,192577,20
1735,174751,20
1735,41283,20
1735,354110,20
1735,103370,20
1735,13682,20
1735,24432,20
1735,14652,20
1735,112937,20
1735,239897,20
1735,16110,20
1735,23082,20
1735,21765,20
1735,16112,20
1735,13788,20
1735,18840,20
1735,18777,20
1735,18736,20
1735,17880,20
1735,13768,20
1735,37003,20
1735,17644,20
1735,57943,20
1735,24206,20
1735,40880,20
1735,319910,20
1735,15173,20
1735,41317,20
1735,70829,20
1735,44853,20
1735,59457,20
1735,34549,20
1735,45226,20
1735,44555,20
1735,173931,20
1735,13937,20
1735,28932,20
1735,58051,20
1735,14877,20
1735,39349,20
1735,14544,20
1735,17710,20
1735,24034,20
1735,34043,20
1735,29339,20
1735,64559,20
1735,208869,20
1735,37737,20
1735,291081,20
1735,52010,20
1735,13483,20
1735,62676,20
1735,20360,20
1735,185008,20
1735,198277,20
1735,13072,20
1735,30141,20
1735,17044,20
1735,15365,20
1735,55903,20
1735,312113,20
1735,22314,20
1735,77156,20
1735,110402,20
1735,164372,20
1735,294512,20
1735,62255,20
1735,347764,20
1735,55567,20
1735,14745,20
1735,15745,20
1735,18442,20
1735,78814,20
1735,447027,20
1735,66607,20
1735,281730,20
1735,26379,20
1735,158150,20
1735,17995,20
1735,22488,20
1735,50942,20
1735,39563,20
1735,325173,20
1735,351043,20
1735,16016,20
1735,33106,20
1735,356216,20
1735,14156,20
1735,347548,20
1735,322443,20
1735,22617,20
1735,20653,20
1735,171759,20
1735,20406,20
1735,188652,20
1735,32235,20
1735,329540,20
1735,66468,20
1735,74084,20
1735,25428,20
1735,323271,20
1735,39541,20
1735,426469,20
1735,356841,20
1735,301325,20
1735,347755,20
1735,48463,20
1735,278316,20
1735,159014,20
1735,43630,20
1735,357441,20
1735,101179,20
1735,367551,20
1735,78705,20
1735,13429,20
1735,51955,20
1735,158752,20
1735,40658,20
1735,181940,20
1735,16653,20
1735,36825,20
1735,362765,20
1735,379532,20
1735,308467,20
1735,371690,20
1735,80468,20
1735,378237,20
1735,51942,20
1735,361398,20
1735,272726,20
1735,270554,20
1735,84659,20
1735,326576,20
1735,69382,20
1735,13898,20
1735,286939,20
1735,67238,20
137113,2789,10
137113,97020,10
137113,2048,10
137113,49049,10
137113,44943,10
137113,603,10
137113,8202,10
137113,240832,10
137113,10366,10
137113,865,10
137113,10350,10
137113,32740,10
137113,1687,10
137113,1705,10
137113,205126,10
137113,1688,10
296,280,10
296,20504,10
296,10483,10
296,18501,10
296,49530,10
296,13460,10
296,59967,10
296,7191,10
296,81796,10
296,10045,10
296,12088,10
296,218,10
9799,9679,10
9799,257088,10
9799,1535,10
9799,9705,10
9799,584,10
9799,11371,10
9799,267860,10
9799,393,10
9799,70074,10
9799,26389,10
9799,22832,10
9799,82675,10
9799,13184,10
9799,2749,10
9799,10877,10
9799,72387,10
9799,76640,10
9799,2085,10
9799,2140,10
9799,21338,10
9799,4108,10
9799,1051,10
9799,106747,10
9799,13809,10
9799,389425,10
9799,21610,10
9799,13807,10
9799,43213,10
9799,9367,10
272,7220,10
272,9989,10
272,254473,10
272,10623,10
272,2142,10
57165,8619,20
57165,2119,20
57165,10586,20
57165,8367,20
57165,9096,20
57165,5494,20
57165,9266,20
57165,11780,20
57165,10448,20
57165,58048,20
57165,12837,20
57165,385736,20
7978,9009,70
7978,10320,70
7978,539,70
7978,65086,70
7978,9552,70
7978,9030,70
7978,86825,70
7978,11804,70
7978,280092,70
7978,49787,70
7978,13569,70
956,36669,20
956,36643,20
956,955,20
956,714,20
956,36557,20
956,52451,20
956,954,20
956,710,20
956,709,20
956,36670,20
956,707,20
956,9053,20
956,699,20
956,700,20
956,16353,20
956,691,20
956,660,20
956,668,20
956,681,20
956,253,20
956,682,20
956,658,20
956,646,20
117251,254128,10
117251,2502,10
117251,9798,10
117251,12113,10
117251,9331,10
117251,137094,10
117251,2100,10
117251,109424,10
117251,9770,10
117251,24575,10
117251,75174,10
117251,15644,10
117251,1123,10
117251,256687,10
117251,256740,10
117251,192210,10
117251,104,10
117251,253626,10
11619,10501,20
11619,258509,20
11619,8916,20
11619,9975,20
11619,9487,20
11619,10315,20
11619,1273,20
11619,16340,20
11619,533,20
11619,46256,20
56292,50456,10
56292,38985,10
56292,667,10
56292,657,10
7552,38745,40
7552,77953,40
7552,45243,40
7552,71880,40
7552,38365,40
7552,2539,40
7552,9718,40
7552,214756,40
7552,48988,40
7552,38778,40
7552,12133,40
7552,76493,40
7552,9641,40
7552,11374,40
7552,24438,40
7552,116741,40
7552,87428,40
7552,35056,40
7552,11353,40
7552,80035,40
7552,1792,40
7552,13260,40
7552,49520,40
7552,2123,40
7552,109443,40
7552,10201,40
7552,274167,40
7552,6877,40
7552,10393,40
7552,71552,40
7552,38319,40
7552,329833,40
7552,1624,40
7552,4256,40
7552,4248,40
7552,6282,40
7552,232672,40
7552,87826,40
7552,18480,40
7552,73937,40
7552,11007,40
7552,11287,40
7552,4257,40
7552,257091,40
7552,100042,40
7552,257211,40
7552,16538,40
7552,16996,40
7552,32823,40
7552,227159,40
7552,82687,40
7552,225886,40
7552,8457,40
7552,8970,40
7552,11025,40
7552,8849,40
7552,1257,40
7552,64807,40
7552,12312,40
7552,9776,40
7552,18785,40
7552,271718,40
7552,325133,40
7552,89492,40
7552,2959,40
7552,9957,40
7552,35169,40
7552,239573,40
7552,50647,40
7552,87567,40
7552,124459,40
7552,296099,40
7552,9472,40
7552,2925,40
7552,8780,40
7552,10521,40
7552,6439,40
7552,76489,40
7552,7278,40
7552,10152,40
7552,72207,40
7552,4967,40
7552,323676,40
7552,15373,40
7552,2018,40
7552,137093,40
7552,9398,40
7552,3638,40
7552,10330,40
7552,951,40
7552,17047,40
7552,10327,40
7552,8699,40
7552,10735,40
7552,57431,40
7552,11543,40
7552,8976,40
7552,9352,40
7552,1831,40
7552,10591,40
7552,11635,40
7552,10358,40
7552,10663,40
7552,11453,40
7552,146239,40
7552,2294,40
7552,16363,40
7552,10678,40
7552,12153,40
7552,376659,40
7552,10073,40
7552,4258,40
7552,55465,40
7552,10710,40
7552,15673,40
7552,14220,40
7552,52449,40
7552,11247,40
7552,12090,40
7552,195589,40
7552,496,40
7552,8835,40
7552,10402,40
7552,10625,40
7552,8363,40
7552,193893,40
7552,9988,40
7552,146304,40
7552,9429,40
7552,13778,40
7552,15639,40
7552,10760,40
7552,8467,40
7552,8265,40
7552,9493,40
7552,10765,40
7552,208134,40
7552,11397,40
7552,11132,40
7552,23706,40
7552,13166,40
7552,9557,40
7552,72359,40
7552,25704,40
7552,864,40
7552,34563,40
7552,14557,40
7552,82679,40
7552,243938,40
7552,8859,40
7552,239563,40
7552,9644,40
7552,16406,40
7552,107811,40
7552,8386,40
7552,26710,40
7552,6020,40
7552,61752,40
7552,9260,40
7552,12479,40
7552,291870,40
7552,9942,40
7552,10156,40
7552,14369,40
7552,16888,40
7552,1588,40
7552,9614,40
7552,10426,40
7552,19905,40
7552,10490,40
7552,87818,40
7552,13160,40
7552,52067,40
7552,209403,40
7552,67911,40
7552,10071,40
7552,78149,40
7552,34417,40
7552,16614,40
7552,10471,40
7552,1621,40
7552,14425,40
7552,9451,40
7552,14536,40
7552,37735,40
7552,51588,40
7552,34341,40
7552,12569,40
7552,103903,40
7552,57119,40
7552,15581,40
7552,33676,40
7552,31535,40
7552,47088,40
7552,11977,40
7552,13785,40
7552,13991,40
7552,16172,40
7552,13827,40
7552,168027,40
7552,89861,40
7552,13173,40
7552,11843,40
7552,2295,40
7552,11959,40
7552,9900,40
7552,21014,40
7552,300706,40
7552,13342,40
7552,252680,40
7552,10970,40
7552,10246,40
7552,27723,40
7552,9427,40
7552,813,40
7552,10634,40
7552,301748,40
7552,8469,40
7552,20337,40
7552,10557,40
7552,18892,40
7552,79940,40
7552,27404,40
7552,157058,40
7552,14137,40
7552,11624,40
7552,42889,40
7552,27023,40
7552,11302,40
7552,198062,40
7552,44562,40
7552,10758,40
7552,15647,40
7552,51820,40
7552,291362,40
7552,38570,40
7552,20770,40
7552,7553,40
7552,8675,40
7552,47686,40
7552,91070,40
7552,14014,40
7552,84200,40
7552,292483,40
7552,11598,40
7552,13983,40
7552,43653,40
7552,8193,40
7552,11956,40
7552,142132,40
7552,40963,40
7552,70478,40
7552,43595,40
7552,18632,40
7552,34101,40
7552,2292,40
7552,14022,40
65759,585,30
65759,9408,30
65759,863,30
65759,22794,30
65759,159824,30
65759,10715,30
65759,93456,30
65759,35,30
65759,50359,30
65759,9513,30
65759,175574,30
65759,9907,30
65759,8920,30
65759,7443,30
65759,62214,30
65759,862,30
65759,11836,30
65759,40688,30
65759,10982,30
2503,9268,10
2503,8834,10
2503,2501,10
2503,2370,10
2503,25212,10
86834,9922,70
86834,129670,70
86834,110683,70
6972,2133,70
6972,2567,70
6972,8489,70
6972,271969,70
6972,2289,70
6972,1125,70
6972,568,70
6972,550,70
6972,11170,70
6972,38167,70
6972,9563,70
6972,9422,70
6972,17332,70
6972,10052,70
6972,9676,70
6972,1402,70
6972,2841,70
6972,11321,70
6972,8046,70
6972,462,70
6972,60308,70
6972,205587,70
6972,7504,70
6972,7214,70
6972,711,70
6972,37950,70
6972,65,70
6972,1885,70
6972,37799,70
6972,109410,70
6972,64685,70
6972,10060,70
6972,12184,70
6972,10802,70
6972,10400,70
6972,25793,70
6972,68722,70
6972,14325,70
6972,312221,70
6972,334,70
6972,45054,70
6972,22881,70
6972,39486,70
6972,13920,70
6972,8090,70
6972,321741,70
6972,20763,70
6972,45958,70
6972,881,70
6972,9763,70
6972,11978,70
6972,8649,70
6972,32274,70
6972,606,70
6972,87502,70
6972,27569,70
6972,10637,70
6972,132363,70
6972,70,70
6972,9918,70
6972,9701,70
6972,1947,70
6972,271331,70
6972,12506,70
6972,9746,70
6972,10024,70
6972,5126,70
6972,615,70
6972,380,70
6972,13223,70
6972,50014,70
6972,866,70
6972,7345,70
6972,198185,70
6972,590,70
6972,5123,70
6972,9469,70
6972,17170,70
6972,10397,70
6972,200505,70
6972,9787,70
6972,9912,70
6972,22256,70
6972,39845,70
6972,1246,70
6972,3558,70
6972,10316,70
6972,9819,70
6972,20024,70
6972,228194,70
6972,10950,70
6972,235260,70
6972,44113,70
6972,44944,70
6972,50780,70
6972,16052,70
6972,1164,70
6972,2355,70
6972,7979,70
6972,15005,70
6972,295964,70
6972,26171,70
6972,82684,70
6972,14914,70
6972,4960,70
6972,334531,70
6972,29078,70
6972,184341,70
6972,203833,70
6972,82631,70
6972,340611,70
6972,1578,70
6972,11457,70
6972,68924,70
6972,130150,70
6972,10549,70
6972,17436,70
6972,228203,70
6972,13960,70
6972,16988,70
6972,24747,70
6972,11093,70
6972,207,70
6972,24226,70
6972,318850,70
6972,10994,70
6972,9800,70
6972,3877,70
6972,12410,70
6972,14,70
6972,873,70
6972,1165,70
6972,228970,70
6972,14047,70
6972,232679,70
6972,4995,70
6972,14012,70
6972,22798,70
6972,7874,70
6972,133694,70
6972,112430,70
6972,47692,70
6972,75033,70
6972,370980,70
6972,288980,70
6972,1951,70
6972,2013,70
6972,44754,70
6972,10876,70
6972,1913,70
6972,339984,70
6972,13074,70
6972,9672,70
6972,205220,70
6972,14976,70
6972,345003,70
6972,236751,70
6972,13889,70
6972,18530,70
6972,45317,70
6972,249164,70
6972,687,70
6972,304357,70
6972,11184,70
6972,1590,70
6972,489,70
6972,11873,70
6972,103731,70
6972,75900,70
6972,87093,70
6972,73,70
6972,404,70
6972,253331,70
6972,1640,70
6972,55720,70
6972,91076,70
6972,12703,70
6972,222649,70
6972,115872,70
6972,31007,70
6972,8272,70
6972,15568,70
6972,39806,70
6972,71157,70
6972,16727,70
6972,14114,70
6972,13751,70
6972,42819,70
6972,45791,70
6972,36597,70
6972,251321,70
6972,49081,70
6972,374461,70
6972,73873,70
6972,11051,70
6972,12400,70
6972,12271,70
6972,44835,70
6972,15013,70
6972,1591,70
6972,76025,70
6972,14631,70
6972,5708,70
6972,21641,70
6972,16619,70
6972,1523,70
6972,13990,70
6972,18602,70
6972,59728,70
6972,10930,70
6972,32395,70
6972,42222,70
6972,244783,70
6972,57022,70
6972,7863,70
6972,5528,70
6972,925,70
6972,27451,70
6972,7913,70
6972,253253,70
6972,230266,70
6972,29912,70
6972,2895,70
6972,15660,70
6972,19848,70
6972,45153,70
6972,284293,70
6972,10217,70
6972,343795,70
6972,27585,70
6972,39269,70
6972,19615,70
6972,12498,70
6972,10822,70
6972,10844,70
6972,6106,70
6972,62116,70
6972,510,70
6972,153,70
6972,40494,70
6972,85350,70
6972,10132,70
6972,15059,70
6972,157847,70
6972,242575,70
6972,111190,70
6972,54580,70
6972,34941,70
6972,227975,70
6972,225235,70
6972,10774,70
6972,266102,70
6972,29262,70
6972,3116,70
6972,27029,70
6972,3033,70
6972,395766,70
6972,299145,70
6972,86549,70
6972,244786,70
6972,103663,70
6972,8841,70
6972,259943,70
6972,22013,70
6972,44634,70
6972,17734,70
6972,24469,70
6972,71866,70
6972,666,70
6972,10476,70
6972,55306,70
6972,209274,70
6972,21074,70
6972,116584,70
6972,46849,70
6972,49471,70
6972,74457,70
6972,9916,70
6972,43610,70
6972,72213,70
6972,990,70
6972,39013,70
6972,273899,70
6972,13075,70
6972,12838,70
6972,295886,70
6972,33511,70
6972,702,70
6972,32579,70
6972,17113,70
6972,4012,70
6972,66025,70
6972,29406,70
6972,394047,70
6972,309,70
6972,25784,70
6972,52790,70
6972,28580,70
6972,84197,70
6972,43266,70
6972,1412,70
6972,176124,70
6972,310569,70
6972,29697,70
6972,1366,70
6972,244776,70
6972,347126,70
6972,546,70
6972,83860,70
6972,244772,70
6972,10183,70
6972,37532,70
6972,46989,70
6972,192132,70
6972,62402,70
6972,41830,70
6972,37694,70
6972,63287,70
6972,248402,70
6972,2009,70
6972,60421,70
6972,157354,70
6972,146882,70
6972,215918,70
6972,60243,70
6972,26899,70
6972,146269,70
6972,8416,70
6972,18734,70
6972,7859,70
6972,302579,70
6972,138976,70
6972,125263,70
6972,14438,70
6972,41144,70
6972,14757,70
6972,21801,70
6972,81220,70
6972,94072,70
6972,64499,70
6972,10238,70
6972,3059,70
6972,389,70
6972,38810,70
6972,26518,70
6972,8942,70
6972,68412,70
6972,91721,70
6972,118452,70
6972,78307,70
6972,46252,70
6972,54897,70
6972,83588,70
6972,48035,70
6972,288927,70
6972,344466,70
6972,408429,70
6972,28666,70
6972,339408,70
6972,18925,70
6972,294086,70
6972,159770,70
6972,158895,70
6972,18292,70
6972,185465,70
6972,287625,70
6972,39851,70
6972,182291,70
6972,124606,70
172385,46195,30
172385,920,30
172385,228165,30
51497,1701,10
51497,8909,10
51497,9257,10
51497,5820,10
51497,34314,10
51497,27582,10
51497,49527,10
51497,187,10
51497,9335,10
51497,4105,10
51497,45610,10
51497,10431,10
51497,15092,10
51497,1948,10
51497,22821,10
51497,8374,10
51497,14576,10
51497,94329,10
49040,324668,10
49040,1571,10
49040,36955,10
49040,47964,10
49040,44048,10
49040,1572,10
49040,9772,10
49040,59961,10
49040,3595,10
49040,1573,10
49040,117263,10
49040,107846,10
49040,1880,10
49040,3512,10
49040,10375,10
49040,216282,10
49040,6623,10
49040,9624,10
49040,2636,10
49040,38153,10
49040,48340,10
49040,562,10
49040,8681,10
49040,242166,10
49040,70435,10
49040,2453,10
49040,204082,10
49040,146198,10
49040,77948,10
49040,10135,10
49040,15983,10
49040,27342,10
49040,17622,10
49040,13154,10
49040,38940,10
49040,58626,10
49040,192141,10
49040,10656,10
49040,40914,10
9471,10204,10
9471,22538,10
9471,9292,10
9471,11199,10
9471,293660,10
9471,9618,10
9471,6519,10
9471,6415,10
9471,12704,10
9471,62206,10
9471,134,10
9471,11676,10
9471,9416,10
9471,9760,10
9471,13950,10
9471,10136,10
9471,13938,10
9471,37931,10
9471,13064,10
42888,37786,40
42888,9087,40
42888,13,40
42888,8488,40
42888,7303,40
42888,9621,40
42888,1850,40
42888,9390,40
42888,50646,40
42888,12220,40
42888,11091,40
42888,10478,40
42888,25189,40
42888,11431,40
42888,38357,40
42888,16643,40
42888,350,40
42888,49022,40
42888,9726,40
42888,38073,40
42888,37056,40
42888,24071,40
42888,9583,40
42888,1901,40
42888,392,40
42888,10030,40
42888,8051,40
42888,12404,40
42888,33644,40
42888,13159,40
42888,9842,40
42888,9089,40
42888,50725,40
42888,9043,40
42888,10934,40
42888,253235,40
42888,18701,40
42888,9675,40
42888,14709,40
42888,83666,40
42888,13972,40
42888,10571,40
42888,10564,40
42888,17127,40
42888,9686,40
42888,38031,40
42888,62008,40
42888,9603,40
42888,144340,40
42888,8952,40
42888,36691,40
42888,46889,40
42888,38093,40
42888,63020,40
42888,15037,40
42888,27322,40
42888,24663,40
42888,219,40
42888,40794,40
42888,14057,40
42888,209263,40
42888,59930,40
42888,14629,40
42888,12183,40
42888,2610,40
42888,7326,40
42888,19913,40
42888,39053,40
42888,25113,40
42888,8998,40
42888,338,40
42888,20322,40
42888,16158,40
42888,11191,40
42888,15256,40
42888,455,40
42888,16186,40
42888,8346,40
42888,45658,40
42888,14474,40
42888,712,40
42888,703,40
42888,1809,40
42888,11013,40
42888,20065,40
42888,284,40
42888,44594,40
42888,55831,40
42888,21461,40
42888,401,40
42888,25636,40
42888,157386,40
42888,15186,40
42888,22913,40
42888,480,40
42888,41469,40
42888,49963,40
42888,22597,40
42888,21413,40
42888,96534,40
42888,84184,40
42888,7301,40
42888,2255,40
42888,50035,40
42888,29371,40
42888,14758,40
42888,39141,40
42888,16388,40
37834,7446,10
37834,59108,10
37834,10040,10
37834,302699,10
37834,228967,10
37834,323675,10
37834,26486,10
37834,109414,10
37834,11519,10
37834,14034,10
37834,10189,10
37834,168530,10
37834,12277,10
37834,10074,10
37834,19803,10
37834,19150,10
37834,11090,10
37834,13805,10
37834,10535,10
37834,342521,10
37834,19419,10
37834,10890,10
37834,11891,10
37834,11770,10
37834,44147,10
37834,35944,10
37834,147767,10
37834,13408,10
37834,40505,10
37834,10615,10
37834,317930,10
37834,12207,10
37834,19187,10
37834,29015,10
37834,45380,10
49519,11688,20
49519,809,20
49519,137106,20
49519,808,20
49519,77459,20
163,161,160
163,75656,160
163,199373,160
163,107,160
163,680,160
163,302,160
163,70670,160
24113,39451,40
24113,1581,40
24113,22897,40
24113,1824,40
24113,4806,40
24113,3981,40
24113,9489,40
24113,12177,40
24113,693,40
24113,19899,40
24113,1597,40
24113,8273,40
24113,1819,40
24113,11631,40
24113,32856,40
24113,2898,40
24113,2022,40
24113,9919,40
24113,9801,40
24113,8874,40
24113,11467,40
24113,5966,40
24113,11066,40
24113,9889,40
24113,193610,40
24113,10761,40
24113,194,40
24113,11529,40
24113,20943,40
24113,259694,40
24113,11638,40
24113,10806,40
24113,11648,40
24113,34806,40
24113,11622,40
24113,9541,40
24113,11823,40
24113,77875,40
24113,55721,40
24113,2770,40
24113,6557,40
24113,11137,40
24113,17813,40
24113,14844,40
24113,12771,40
24113,9778,40
24113,6957,40
24113,62838,40
24113,41630,40
24113,14177,40
24113,133698,40
24113,20309,40
24113,184098,40
24113,13476,40
24113,12658,40
24113,1599,40
24113,20857,40
24113,35688,40
24113,38303,40
24113,34016,40
24113,9582,40
24113,63492,40
24113,10563,40
24113,19840,40
24113,10739,40
24113,2752,40
24113,23049,40
24113,9576,40
24113,6961,40
24113,19265,40
24113,2830,40
24113,14434,40
24113,24940,40
24113,16899,40
24113,222899,40
24113,25462,40
24113,58680,40
24113,2105,40
24113,67660,40
24113,28353,40
24113,31246,40
24113,10646,40
24113,20009,40
24113,9027,40
24113,10314,40
24113,9794,40
24113,10050,40
24113,7942,40
24113,12779,40
24113,20178,40
24113,39037,40
24113,15017,40
24113,42057,40
24113,16428,40
24113,24621,40
24113,17926,40
24113,37964,40
24113,225565,40
24113,23570,40
24113,220488,40
24113,8390,40
24113,2074,40
24113,11452,40
24113,19556,40
24113,321,40
24113,378200,40
24113,68202,40
24113,15122,40
24113,125123,40
24113,11363,40
24113,38007,40
24113,10162,40
24113,53862,40
24113,30139,40
24113,23531,40
24113,82533,40
24113,84174,40
24113,239,40
24113,19316,40
24113,17334,40
24113,260778,40
24113,98557,40
24113,34106,40
24113,129139,40
24113,13066,40
24113,46415,40
24113,248774,40
24113,91122,40
24113,26673,40
24113,21283,40
24113,29731,40
24113,96238,40
24113,45145,40
24113,9029,40
24113,3078,40
24113,76996,40
24113,10218,40
24113,27995,40
24113,90414,40
24113,125537,40
24113,255266,40
24113,44990,40
24113,72766,40
4982,33909,70
4982,640,70
4982,524,70
4982,168672,70
4982,203,70
4982,8065,70
4982,310706,70
4982,311,70
4982,769,70
4982,278,70
4982,11699,70
4982,97367,70
4982,400,70
4982,240,70
4982,10220,70
4982,41894,70
4982,238,70
4982,14112,70
4982,122081,70
4982,36351,70
4982,598,70
4982,627,70
4982,11798,70
4982,364083,70
4982,9344,70
27581,11517,10
27581,136400,10
27581,306,10
27581,64688,10
27581,136795,10
27581,54054,10
27581,27936,10
27581,23742,10
27581,11001,10
27581,268920,10
27581,12085,10
27581,96,10
27581,9074,10
27581,14396,10
27581,10569,10
27581,90,10
27581,256092,10
27581,17708,10
27581,26352,10
27581,15049,10
27581,18065,10
314,9654,10
314,24,10
314,9923,10
314,10027,10
314,119283,10
314,13056,10
314,8292,10
314,23483,10
314,244114,10
29193,1949,50
29193,2275,50
29193,12201,50
29193,9573,50
29193,5955,50
29193,10398,50
29193,2118,50
29193,8197,50
29193,169917,50
29193,4657,50
29193,4997,50
29193,573,50
29193,20055,50
29193,26791,50
76758,857,70
76758,16072,70
76758,8741,70
76758,113464,70
76758,5902,70
76758,424,70
76758,205,70
76758,613,70
76758,11202,70
76758,21345,70
76758,43418,70
76758,1116,70
76758,16564,70
76758,826,70
76758,72913,70
7980,4958,90
7980,34647,90
7980,309425,90
1422,9879,70
1422,4959,70
1422,11615,70
1422,146233,70
1422,8470,70
1422,59,70
1422,74536,70
1422,12149,70
1422,62728,70
1422,4836,70
1422,77987,70
1422,29920,70
1422,436,70
1422,12877,70
1422,84188,70
179,298,50
179,189,50
179,181283,50
179,1598,50
179,10955,50
179,8080,50
179,276907,50
179,64689,50
179,7501,50
179,136835,50
179,158011,50
179,277519,50
179,500,50
179,188166,50
2277,957,40
2277,12120,40
2277,68,40
2277,33155,40
2277,3034,40
4464,22954,70
4464,1887,70
4464,1883,70
4464,2447,70
4464,192136,70
4464,18254,70
4464,11499,70
4464,14292,70
4464,9549,70
4464,10523,70
4464,746,70
4464,4518,70
4464,293646,70
4464,11156,70
4464,783,70
4464,76203,70
4464,2428,70
4464,280871,70
4464,17277,70
4464,321697,70
4464,127560,70
4464,45269,70
4464,9045,70
4464,30973,70
4464,42345,70
4464,3291,70
4464,28089,70
4464,13537,70
4464,58882,70
4464,9443,70
4464,1955,70
4464,152532,70
4464,46332,70
4464,874,70
4464,821,70
4464,549,70
10481,39691,40
10481,15189,40
10481,14306,40
10481,10708,40
10481,10992,40
10481,10067,40
10481,58224,40
10481,9969,40
10481,13673,40
10481,11011,40
10481,9099,40
10481,22949,40
10481,23479,40
10481,9353,40
10481,18147,40
10481,13680,40
10481,82650,40
10481,25132,40
10481,31117,40
10481,333348,40
10481,13908,40
10481,771,40
10481,33217,40
10481,11870,40
10481,38843,40
10481,13824,40
10481,10985,40
10481,15489,40
10481,19084,40
10481,10414,40
10481,9893,40
10481,14144,40
10481,850,40
10481,170480,40
10481,76706,40
1904,1439,70
1904,1722,70
1904,4517,70
1904,10533,70
1904,8095,70
1904,18320,70
1904,11400,70
1904,12783,70
1904,358451,70
1904,11620,70
1904,2211,70
1904,28005,70
1904,887,70
16858,786,70
16858,1677,70
16858,10537,70
16858,239566,70
16858,277216,70
16858,6478,70
16858,3902,70
16858,10560,70
16858,175541,70
16858,16769,70
16858,15765,70
16858,15237,70
16858,1931,70
16858,86829,70
16858,88036,70
16858,27586,70
16858,1808,70
16858,24356,70
16858,16620,70
16858,75861,70
16858,157293,70
16858,62677,70
16858,206284,70
9291,594,40
9291,20829,40
9291,44564,40
9291,41733,40
9291,9440,40
9291,37165,40
9291,10312,40
9291,10468,40
9291,10385,40
9291,11934,40
9291,4944,40
9291,11004,40
9291,12596,40
9291,120467,40
9291,9032,40
9291,9452,40
9291,16232,40
9291,46829,40
9291,315664,40
9291,318846,40
9291,9428,40
9291,10317,40
9291,13490,40
9291,31582,40
9291,8944,40
9291,175555,40
9291,152737,40
9291,9903,40
9291,72113,40
9291,48034,40
9291,177,40
9291,20761,40
9291,17795,40
9291,2196,40
9291,65057,40
9291,10115,40
9291,6963,40
9291,10773,40
9291,2639,40
9291,21301,40
9291,160588,40
9291,30890,40
9291,18475,40
9291,9689,40
9291,35696,40
9291,17202,40
9291,586,40
9291,31306,40
9291,34152,40
9291,15250,40
9291,10611,40
9291,11354,40
9291,57157,40
9291,14799,40
9291,14778,40
9291,8669,40
9291,179144,40
9291,16857,40
9291,61337,40
9291,10377,40
9291,9034,40
9291,11545,40
9291,24664,40
9291,41479,40
9291,25350,40
9291,22805,40
9291,16358,40
9291,9685,40
9291,12454,40
9291,773,40
9291,40807,40
9291,44009,40
9291,43923,40
9291,403,40
9291,29461,40
9291,9388,40
9291,11308,40
9291,12573,40
9291,39210,40
9291,30128,40
9291,9571,40
9291,13919,40
9291,36739,40
9291,8545,40
9291,1548,40
9291,193722,40
9291,25248,40
9291,211954,40
9291,147773,40
9291,59968,40
9291,13776,40
9291,13090,40
9291,13193,40
9291,14662,40
9291,13996,40
9291,41730,40
9291,113406,40
9291,12555,40
9291,8435,40
9291,39800,40
9291,9991,40
9291,39781,40
9291,1546,40
9291,60422,40
9291,8618,40
9291,14256,40
9291,13973,40
9291,11129,40
9291,30309,40
9291,40247,40
9291,121986,40
9291,10683,40
9291,342,40
9291,248,40
9291,5900,40
9291,9591,40
9291,6007,40
9291,2771,40
9291,1382,40
9291,55561,40
9291,24363,40
9291,174311,40
9291,153795,40
9291,27455,40
9291,3083,40
9291,10707,40
9291,137347,40
9291,27845,40
9291,215924,40
9291,55180,40
9291,99826,40
9291,11446,40
9291,838,40
9291,385636,40
9291,15389,40
9291,55123,40
9291,1550,40
9291,44490,40
9291,9821,40
9291,244534,40
9291,14585,40
109418,19724,40
109418,31203,40
109418,16784,40
109418,88042,40
109418,226486,40
109418,47941,40
109418,32316,40
109418,41382,40
109418,14577,40
109418,25186,40
109418,250349,40
109418,175528,40
109418,16471,40
109418,19489,40
109418,16096,40
109418,23618,40
109418,180296,40
109418,49951,40
109418,15544,40
109418,89857,40
109418,266857,40
109418,85860,40
109418,222250,40
6964,4599,70
6964,222936,70
6964,82696,70
6964,43347,70
6964,245,70
6964,21349,70
6964,22215,70
6964,82693,70
6964,19255,70
6964,44857,70
6964,22327,70
6964,26602,70
6964,74643,70
6964,17403,70
6964,12257,70
6964,16222,70
6964,121826,70
6964,80271,70
6964,24137,70
6964,16781,70
6964,11971,70
6964,9962,70
6964,1544,70
6964,38970,70
6964,1555,70
6964,50848,70
6964,5178,70
6964,49020,70
6964,7973,70
6964,26815,70
6964,15708,70
6964,19844,70
6964,32222,70
6964,24055,70
12193,4942,40
12193,508,40
12193,18240,40
12193,10184,40
12193,9870,40
12193,59861,40
12193,14846,40
12193,13092,40
12193,4964,40
12193,634,40
12193,40001,40
12193,41210,40
12193,639,40
12193,4951,40
12193,6615,40
4147,2116,160
4147,1213,160
4147,98357,160
4147,109421,160
4147,13150,160
4147,265208,160
4147,190955,160
4147,284536,160
4147,109091,160
4147,8848,160
4147,68812,160
4147,334527,160
4147,376004,160
4147,366967,160
50546,2642,140
50546,9767,140
50546,4379,140
50546,11812,140
50546,50544,140
50546,316002,140
50546,12620,140
50546,70868,140
50546,544,140
50546,81836,140
50546,13596,140
50546,25195,140
50546,12657,140
50546,114,140
50546,272693,140
50546,2293,140
50546,351819,140
50546,340816,140
50546,111794,140
161795,24803,140
161795,8842,140
161795,11036,140
161795,10207,140
161795,215211,140
161795,45881,140
161795,31005,140
161795,1440,140
161795,43949,140
161795,48217,140
161795,222935,140
161795,1587,140
161795,241771,140
161795,306745,140
161795,18923,140
161795,108346,140
161795,132344,140
161795,258755,140
161795,172533,140
161795,77332,140
11973,9008,70
11973,1717,70
11973,39437,70
11973,231,70
11973,38363,70
11973,68734,70
11973,9623,70
11973,11062,70
11973,1957,70
11973,11306,70
11973,28902,70
11973,5125,70
11973,41488,70
11973,162903,70
11973,1770,70
11973,17707,70
11973,64639,70
11973,8999,70
11973,2176,70
11973,1710,70
11973,48289,70
11973,17182,70
11973,48231,70
11973,11458,70
11973,2575,70
11973,1988,70
11973,44214,70
11973,264644,70
11973,19052,70
11973,60599,70
11973,4170,70
11973,373314,70
11973,20616,70
11973,101173,70
11973,18191,70
11973,245846,70
11973,6521,70
11973,7735,70
11973,71859,70
11973,87499,70
11973,83686,70
11973,31064,70
11973,135595,70
11973,235271,70
11973,4550,70
11973,9782,70
11973,582,70
11973,55,70
11973,356987,70
11973,50875,70
11973,1999,70
11973,50837,70
11973,52462,70
11973,2652,70
11973,9813,70
11973,36584,70
11973,75986,70
11973,83,70
11973,157909,70
11973,2786,70
11973,12247,70
10197,82695,70
10197,824,70
10197,69,70
10197,12637,70
10197,25196,70
10197,16323,70
10197,535,70
10197,29463,70
10197,43839,70
10197,301351,70
10197,23655,70
10197,65203,70
10197,5723,70
11026,11015,110
11026,768,110
11026,622,110
11026,13515,110
11026,28355,110
11026,11096,110
11026,3600,110
11026,9645,110
11026,6933,110
11026,241257,110
11026,11377,110
11026,14033,110
11026,26688,110
11026,11601,110
11026,1970,110
11026,321258,110
11026,44040,110
11026,10885,110
11026,11033,110
11026,10225,110
11026,50538,110
11026,9022,110
4551,9072,40
4551,9384,40
4551,9932,40
4551,12634,40
4551,11565,40
4551,138832,40
4551,51540,40
4551,109431,40
4551,9535,40
4551,36593,40
4551,27360,40
4551,2069,40
4551,37137,40
4551,13411,40
4551,115,40
4551,86838,40
4551,57214,40
4551,1542,40
4551,11546,40
4551,9490,40
4551,9336,40
4551,18713,40
4551,9809,40
4551,29122,40
4551,13982,40
4551,95755,40
4551,24066,40
4551,100,40
4551,16155,40
25,57212,70
25,10592,70
25,227306,70
25,12412,70
25,423,70
25,28,70
25,8988,70
25,13405,70
25,11778,70
25,53457,70
25,2604,70
25,18516,70
25,31174,70
25,283708,70
25,11600,70
6947,12117,70
6947,9566,70
6947,37233,70
6947,1124,70
6947,1985,70
6947,15992,70
6947,9729,70
6947,10740,70
6947,5279,70
6947,11644,70
6947,11468,70
6947,18681,70
6947,18041,70
6947,25208,70
6947,9613,70
6947,69640,70
6947,4174,70
6947,271185,70
6947,43743,70
6947,1424,70
200,201,150
200,199,150
200,16320,150
200,193,150
200,172,150
200,174,150
200,10724,150
200,157,150
200,106,150
11258,12103,160
11258,9754,160
11258,2155,160
11258,8978,160
11258,303858,160
11258,205588,160
11258,334074,160
11258,75638,160
11258,157849,160
11258,36047,160
11258,77495,160
11258,241251,160
11258,176077,160
11258,342502,160
11258,283384,160
11258,215881,160
11258,299553,160
11258,13538,160
201088,3580,50
201088,13536,50
201088,617,50
201088,290751,50
201088,37903,50
201088,9504,50
201088,3766,50
201088,592,50
72976,10858,100
72976,31908,100
72976,1874,100
72976,273895,100
72976,10139,100
72976,71688,100
72976,10741,100
72976,245700,100
72976,96399,100
72976,24973,100
100241,4970,110
100241,9544,110
100241,16871,110
100241,4513,110
100241,22970,110
100241,10383,110
100241,11460,110
100241,794,110
100241,11351,110
100241,65055,110
100241,77883,110
100241,3021,110
100241,9682,110
100241,579,110
100241,138843,110
100241,1975,110
100241,76617,110
100241,10069,110
100241,9378,110
100241,694,110
100241,948,110
100241,9792,110
100241,16028,110
100241,79694,110
100241,10053,110
100241,11442,110
100241,9793,110
100241,9877,110
100241,10008,110
100241,10280,110
100241,10131,110
100241,9357,110
100241,8922,110
100241,10984,110
100241,9902,110
100241,134597,110
100241,329440,110
100241,78383,110
100241,10306,110
100241,10585,110
100241,238636,110
100241,9656,110
100241,29514,110
100241,29064,110
100241,78381,110
100241,82505,110
100241,10496,110
100241,10160,110
100241,11361,110
100241,91586,110
100241,345911,110
100241,10072,110
100241,227348,110
100241,256274,110
100241,10283,110
100241,10987,110
100241,11357,110
100241,298312,110
100241,77949,110
100241,49365,110
100241,146203,110
100241,22007,110
100241,41436,110
100241,38033,110
100241,10281,110
100241,9730,110
100241,8875,110
100241,1698,110
100241,9728,110
100241,9731,110
100241,270303,110
100241,13510,110
100241,18616,110
100241,9783,110
100241,49018,110
100241,104755,110
100241,312791,110
100241,9725,110
100241,27374,110
100241,277685,110
100241,93856,110
100241,10092,110
100241,92635,110
100241,207769,110
100241,58428,110
100241,150211,110
100241,299245,110
75780,242,50
75780,388,50
75780,66,50
75780,11892,50
75780,1248,50
75780,4547,50
75780,325789,50
75780,82525,50
75780,819,50
75780,1830,50
75780,1645,50
75780,50348,50
75780,23168,50
75780,9366,50
75780,6016,50
75780,31640,50
75780,6977,50
75780,274,50
75780,27579,50
75780,241239,50
75780,13250,50
75780,26390,50
75780,185567,50
75780,77016,50
75780,11478,50
75780,37414,50
75780,327,50
75780,3472,50
75780,73567,50
75780,15394,50
75780,14181,50
75780,242582,50
75780,9282,50
75780,97614,50
75780,8744,50
75780,11826,50
75780,44945,50
75780,331190,50
75780,18079,50
75780,19997,50
75780,14823,50
75780,30246,50
274479,9713,70
274479,18947,70
274479,7350,70
274479,72358,70
274479,75531,70
274479,2755,70
274479,15198,70
274479,9779,70
274479,10187,70
274479,239678,70
274479,4953,70
274479,26367,70
274479,194662,70
274479,284296,70
274479,9466,70
274479,7510,70
274479,88641,70
274479,74534,70
274479,268238,70
274479,82532,70
274479,16162,70
274479,77930,70
274479,28053,70
274479,231576,70
274479,73532,70
274479,31175,70
274479,11404,70
274479,166624,70
274479,100975,70
274479,79587,70
274479,20862,70
274479,3082,70
274479,294600,70
274479,98369,70
274479,355629,70
274479,242083,70
274479,323967,70
274479,375950,70
274479,2056,70
274479,73511,70
274479,20520,70
274479,84355,70
274479,139998,70
274479,40769,70
274479,33693,70
11775,10833,50
11775,25719,50
9315,8271,160
9315,3594,160
9315,9963,160
9315,1018,160
9315,11190,160
9315,13079,160
261023,4133,50
261023,1646,50
261023,10673,50
261023,21612,50
261023,11109,50
261023,227,50
261023,235,50
261023,10734,50
261023,398,50
261023,650,50
261023,504,50
261023,1429,50
261023,641,50
261023,12093,50
261023,18900,50
261023,868,50
261023,9517,50
261023,595,50
261023,226,50
261023,11023,50
261023,4816,50
261023,21309,50
261023,36334,50
261023,103,50
261023,24424,50
261023,186935,50
261023,654,50
261023,263503,50
261023,12281,50
261023,119657,50
261023,14290,50
261023,34697,50
2251,296098,160
2251,80278,160
2251,254024,160
2251,31166,160
2251,134411,160
2251,1817,160
2251,4553,160
2251,297596,160
2251,64720,160
2251,309503,160
2251,50839,160
2251,433715,160
2251,360339,160
2251,109729,160
4421,10534,10
4421,8409,10
4421,307081,10
4421,59440,10
4421,385383,10
4421,43959,10
4421,182873,10
4421,48620,10
4421,323677,10
4421,308529,10
4421,346,10
4421,354624,10
4421,65448,10
588,4234,110
588,19912,110
588,41446,110
588,55779,110
588,9358,110
588,9286,110
588,4233,110
588,22804,110
588,293670,110
588,24913,110
588,8329,110
588,92182,110
588,10972,110
588,2667,110
588,23827,110
44603,8967,70
44603,44638,70
44603,15208,70
44603,1024,70
44603,103328,70
44603,84175,70
53953,259693,110
53953,1683,110
53953,377,110
53953,609,110
53953,10066,110
53953,10307,110
53953,22894,110
53953,6466,110
53953,9532,110
53953,10929,110
53953,11683,110
53953,790,110
53953,396152,110
53953,109428,110
53953,10781,110
53953,132232,110
53953,24150,110
53953,12212,110
53953,26466,110
53953,11056,110
53953,283445,110
53953,30497,110
53953,1691,110
53953,79316,110
53953,2662,110
53953,250546,110
53953,215,110
53953,72571,110
53953,242512,110
53953,82990,110
53953,157547,110
53953,1690,110
53953,16337,110
53953,10331,110
53953,287424,110
53953,257087,110
53953,46420,110
53953,114635,110
53953,16288,110
53953,10014,110
53953,332285,110
53953,17994,110
53953,115210,110
53953,298584,110
53953,157422,110
53953,310933,110
53953,55616,110
53953,9003,110
53953,34592,110
53953,287524,110
53953,323270,110
53953,22530,110
53953,19204,110
53953,764,110
53953,103620,110
53953,426067,110
53953,27420,110
53953,325123,110
53953,69270,110
53953,402515,110
53953,228550,110
53953,220490,110
53953,157185,110
5176,2055,180
5176,33,180
5176,32275,180
5176,11901,180
5176,335,180
5176,11577,180
5176,11697,180
5176,3089,180
5176,4929,180
5176,13909,180
5176,39209,180
5176,218500,180
5176,429,180
5176,272724,180
5176,288,180
5176,376010,180
5176,391,180
9899,14655,40
9899,6575,40
9899,254470,40
9899,63574,40
9899,19366,40
9899,1584,40
9899,40932,40
9899,9781,40
9899,10186,40
9899,12621,40
9899,13370,40
9899,13403,40
9899,12535,40
9899,43546,40
9899,17768,40
9899,114065,40
9899,704,40
509,76494,140
509,2621,140
509,13067,140
509,14578,140
509,183894,140
509,138697,140
509,66942,140
509,361505,140
509,324352,140
509,47607,140
62837,12920,70
62837,15487,70
62837,13579,70
62837,14635,70
62837,28178,70
62837,18276,70
62837,56601,70
62837,39055,70
62837,104896,70
62837,226354,70
62837,37206,70
62837,8981,70
62837,17663,70
62837,1088,70
62837,61038,70
62837,77934,70
62837,25786,70
62837,17345,70
11459,11888,20
11459,14405,20
11459,18357,20
11459,22102,20
11459,11176,20
10012,58151,110
10012,11932,110
10012,40264,110
10012,1547,110
10012,747,110
10012,165864,110
10012,18238,110
10012,100275,110
10012,14451,110
10012,117942,110
10012,17287,110
10012,189711,110
6488,43593,40
6488,19908,40
6488,19994,40
6488,23988,40
6488,11217,40
6488,10925,40
6488,46838,40
6488,362105,40
6488,184345,40
6488,246403,40
6488,139038,40
6488,254472,40
6488,13121,40
6488,11908,40
6488,1961,40
6488,39895,40
6488,139715,40
10577,157544,160
10577,301365,160
10577,10727,160
10577,10664,160
10577,243940,160
10577,234212,160
10577,50698,160
10577,283686,160
10577,280381,160
10577,107315,160
10577,76487,160
10577,84178,160
10577,193603,160
10577,290391,160
10577,226458,160
11516,22074,60
11516,2359,60
11516,24977,60
11516,1777,60
11516,57612,60
11516,44260,60
11516,78394,60
11516,8847,60
11516,8357,60
11516,19153,60
11516,370662,60
11516,1430,60
11516,43942,60
11516,291,60
11516,72914,60
11516,126509,60
11516,40428,60
11516,44639,60
11516,12901,60
11516,14284,60
11516,459488,60
11516,13516,60
11516,127918,60
11516,29595,60
11516,89750,60
11516,102840,60
11516,1781,60
11516,18570,60
11516,13508,60
11516,123678,60
11516,13362,60
11516,39183,60
11516,251471,60
11516,292539,60
11516,40862,60
11516,14275,60
11516,2287,60
11516,296943,60
11516,70875,60
11516,35199,60
11516,14271,60
11516,84401,60
11516,180383,60
11516,84318,60
11516,253261,60
11516,1282,60
11516,47546,60
11516,15800,60
11516,14278,60
11516,79161,60
11516,87943,60
11516,73981,60
11516,274758,60
11516,287815,60
11516,126141,60
11516,37985,60
11516,253290,60
11516,30979,60
11516,335244,60
11516,178862,60
11516,331745,60
11516,80215,60
11516,64973,60
11516,322745,60
11516,174362,60
11516,250902,60
11516,25975,60
5971,2757,40
5971,16991,40
5971,15670,40
5971,47502,40
5971,192134,40
5971,92591,40
5971,9277,40
5971,11042,40
5971,13685,40
5971,12079,40
5971,37495,40
8408,11470,110
8408,31915,110
8408,106845,110
8408,29426,110
8408,335866,110
8408,23730,110
8408,211557,110
8408,30315,110
8408,33468,110
31932,119458,160
31932,20296,160
31932,278348,160
22556,44718,70
22556,35689,70
22556,51384,70
22556,30082,70
22556,46729,70
22556,27588,70
22556,14295,70
22556,47889,70
22556,25461,70
22556,33430,70
22556,40920,70
22556,36549,70
22556,44770,70
17187,25520,70
17187,13689,70
17187,41248,70
17187,36046,70
17187,24985,70
17187,14834,70
17187,40185,70
17187,133575,70
17187,191714,70
17187,318040,70
17187,42109,70
101267,14299,60
101267,121676,60
101267,281230,60
101267,297621,60
101267,159037,60
101267,343409,60
101267,324322,60
101267,281189,60
101267,319069,60
101267,289180,60
9526,71,70
9526,12109,70
