genres,release_year,count,budget,popularity,revenue,average_rating,vote_count,profit
Action,1981,5,16400000,11.9019088,38630191.8,6.38,199.2,22230191.8
Action,1982,4,7825000,24.3814235,59017358,6.675,581.5,51192358
Action,1983,2,15000000,39.2793235,39058665.5,6.75,1507.5,24058665.5
Action,1984,7,17800000,22.42366571,68346525.71,6.314285714,863.5714286,50546525.71
Action,1985,8,15288190.38,17.89309262,52534449.25,6.3,358.875,37246258.88
Action,1986,3,21666666.67,34.653057,149216180,6.466666667,902.3333333,127549513.3
Action,1987,7,22714285.71,14.98445986,80421174.14,5.528571429,309.4285714,57706888.43
Action,1988,6,17750000,26.115057,63689740,6.35,949.1666667,45939740
Action,1989,4,25000000,11.6541675,35058286,6.125,246,10058286
Action,1990,5,45000000,36.4856906,153908880.8,6.74,1099.6,108908880.8
Action,1991,8,31375000,20.60929238,72823856,5.925,606,41448856
Action,1992,4,32055000,29.96694025,91071479.25,6.5,702.75,59016479.25
Action,1993,14,17757142.86,12.84012914,30303223.29,6.121428571,236.2857143,12546080.43
Action,1994,14,37000000,17.28188407,104719806.3,5.828571429,391.9285714,67719806.29
Action,1995,19,51157894.74,21.46706405,107750469.9,5.942105263,672.7368421,56592575.16
Action,1996,15,57200000,21.61622307,187428393.4,5.746666667,593.6,130228393.4
Action,1997,24,54083333.33,21.77007129,107736693,5.5625,586.7916667,53653359.71
Action,1998,19,54712105.26,21.12293711,94683041.63,6.105263158,588.2631579,39970936.37
Action,1999,15,53933333.33,23.46583913,82679078.6,5.54,939.0666667,28745745.27
Action,2000,27,40225925.93,16.44729022,76041737.26,5.7,477.8518519,35815811.33
Action,2001,40,36525000,13.66042903,58731397.5,5.7825,393.4,22206397.5
Action,2002,34,39632352.94,21.16301941,76819935.97,5.820588235,589.7941176,37187583.03
Action,2003,26,52714615.38,24.58350842,95873089.77,5.896153846,779.1923077,43158474.38
Action,2004,25,59180000,27.59547132,149791375.6,6.112,1255.48,90611375.6
Action,2005,35,42057142.86,21.98173237,66623913.29,5.771428571,724.8,24566770.43
Action,2006,31,26719358.39,19.35212274,65935962.65,6.187096774,708.6129032,39216604.26
Action,2007,24,31250000,16.3489645,76091809.13,5.5,523.5,44841809.13
Action,2008,32,40500000,27.24846381,86592483.41,5.878125,983.75,46092483.41
Action,2009,34,45983823.53,24.49730353,161737612.5,5.720588235,1123.264706,115753789
Action,2010,29,61444827.59,31.66644672,137690344.9,6.024137931,1559.103448,76245517.28
Action,2011,34,57925015.62,30.70188297,173370683.5,6.111764706,1415.323529,115445667.9
Action,2012,30,71774350,38.90044053,207538405.5,5.85,2024.933333,135764055.5
Action,2013,40,72496500,39.85851143,171725061.6,6.085,2111.85,99228561.63
Action,2014,29,81155172.41,68.9905269,237981777.9,5.924137931,2353.482759,156826605.5
Action,2015,30,74583333.33,75.72385843,306717724.4,5.86,2052.1,232134391.1
Action,2016,32,73437187.5,53.17966787,211524031.9,5.878125,1751.28125,138086844.4
Adventure,1981,7,13000000,20.10746514,95362818.14,6.685714286,776.4285714,82362818.14
Adventure,1982,2,10000000,16.456493,39557042.5,5.05,332.5,29557042.5
Adventure,1983,3,31950000,31.84116367,306733333.3,6.633333333,1843.333333,274783333.3
Adventure,1984,2,23000000,42.67795,216500000,6.45,1582,193500000
Adventure,1985,5,22380000,27.321285,114011231.2,6.5,1434.2,91631231.2
Adventure,1986,4,13250000,12.7373855,83525876.5,5.2,292.25,70275876.5
Adventure,1987,2,19500000,28.65531,41369413.5,5.55,855,21869413.5
Adventure,1988,2,15000000,14.14808,139009908,6.35,270.5,124009908
Adventure,1989,7,29571428.57,30.96758786,156117708.3,6.585714286,1276.428571,126546279.7
Adventure,1990,5,33800000,23.2635232,186079178,6.52,912.8,152279178
Adventure,1991,3,39333333.33,24.600599,230449577,6.366666667,916.3333333,191116243.7
Adventure,1992,2,37500000,21.5970265,160865763.5,6.1,462.5,123365763.5
Adventure,1993,5,53600000,28.873646,289571798,6.34,1409.2,235971798
Adventure,1994,4,18750000,10.3396395,52251847,5.825,209.5,33501847
Adventure,1995,5,72200000,34.8219632,198817787.6,6.32,781,126617787.6
Adventure,1996,4,50132500,25.31412275,142519317,5.775,771.75,92386817
Adventure,1997,11,59681818.18,32.78570009,134843996.5,6.136363636,1170.909091,75162178.36
Adventure,1998,7,69071428.57,34.023954,140114927.7,6.142857143,934.2857143,71043499.14
Adventure,1999,9,72222222.22,26.42356022,198969085.9,6.366666667,992,126746863.7
Adventure,2000,9,63666670,32.27006044,206332178.6,6.633333333,1498.888889,142665508.6
Adventure,2001,15,67010000,35.6382218,250354232.9,5.953333333,1935.066667,183344232.9
Adventure,2002,13,59846153.85,35.72733969,249037235.9,6.2,1606.076923,189191082.1
Adventure,2003,13,88230769.23,57.89604915,322803582.5,6.884615385,2417.769231,234572813.2
Adventure,2004,14,73035714.36,31.35512464,239258988.4,6.378571429,1303.714286,166223274
Adventure,2005,16,74437500,35.18863319,249088847.8,6.24375,1386.4375,174651347.8
Adventure,2006,18,95500000,32.20588922,207572012,6.066666667,1173.388889,112072012
Adventure,2007,13,96692307.69,43.604209,299720230.5,6.230769231,1935.615385,203027922.8
Adventure,2008,22,73083681.82,35.11093386,198752785.3,6.122727273,1009.590909,125669103.5
Adventure,2009,13,90923076.92,40.47304908,243920668.9,6.138461538,1591.692308,152997592
Adventure,2010,10,103500000,56.1328052,298613392.7,6.19,2319.3,195113392.7
Adventure,2011,15,100933333.3,41.4686896,194635866.1,6.166666667,1742.6,93702532.73
Adventure,2012,9,115444444.4,54.85978467,414326105.3,6.111111111,2643.666667,298881660.9
Adventure,2013,9,95499291,43.76630633,348342835.6,6.366666667,2388.777778,252843544.6
Adventure,2014,10,87700000,137.5355813,281676877,6.66,2979.6,193976877
Adventure,2015,12,71416666.67,46.72323208,146897780.2,6.191666667,1237.75,75481113.5
Adventure,2016,8,80000000,65.12022075,239557945.1,6.2625,1976.625,159557945.1
Animation,1981,1,9300000,12.928269,0,6.2,148,-9300000
Animation,1988,1,12300000,28.670193,84460846,7,640,72160846
Animation,1992,1,28000000,92.982009,504050219,7.4,3416,476050219
Animation,1995,1,30000000,73.640445,373554033,7.7,5269,343554033
Animation,1996,3,30666666.67,18.48350067,83400000,6,503.3333333,52733333.33
Animation,1997,2,42500000,24.832181,71685492.5,7.25,728,29185492.5
Animation,1998,3,48000000,25.92077067,136458027.7,5.8,724.6666667,88458027.67
Animation,1999,5,64800000,29.5328,177675361.2,6.52,1194.4,112875361.2
Animation,2000,5,55500000,16.9055286,132278358.8,5.98,431.2,76778358.8
Animation,2001,2,117500000,79.182067,374434990.5,7.1,3610,256934990.5
Animation,2002,4,43500000,41.715746,132257165.8,6.4,1319.25,88757165.75
Animation,2003,3,58000000,36.88670933,336283460,6.266666667,2160,278283460
Animation,2004,6,49166666.67,20.46052317,135365467.7,5.883333333,574,86198801
Animation,2005,5,55000000,24.9191746,129132310.4,5.82,615.8,74132310.4
Animation,2006,8,60212500,38.15813688,238457687.9,5.8875,1304.625,178245187.9
Animation,2007,5,63460000,32.3037444,259967236.4,6.9,1543.8,196507236.4
Animation,2008,6,71779616.5,27.2090945,180611952.8,6.666666667,1533.833333,108832336.3
Animation,2009,9,96111111.11,41.34973311,304494681.9,6.844444444,1710.111111,208383570.8
Animation,2010,8,92375000,44.54017888,333029902.8,6.45,2161.75,240654902.8
Animation,2011,9,103000000,29.827626,319004950.2,5.8,1141.555556,216004950.2
Animation,2012,9,77057406,40.54454722,299525986.8,6.011111111,1467.777778,222468580.8
Animation,2013,13,81230769.23,46.10017877,322004100.2,6.230769231,1375.538462,240773331
Animation,2014,5,61600000,26.1689902,176271327,5.12,561.8,114671327
Animation,2015,4,65250000,38.49422725,259178347.3,6.5,819.75,193928347.3
Animation,2016,1,75000000,31.482872,875958308,5.9,3462,800958308
Comedy,1981,6,7500000,6.704503,26975559,5.533333333,73.16666667,19475559
Comedy,1982,5,12100000,10.4177062,54798903.4,6.26,174.4,42698903.4
Comedy,1983,5,20320000,19.3407212,49638092.2,6.28,402.6,29318092.2
Comedy,1984,4,5375000,12.5793555,54580057.5,6.275,273.25,49205057.5
Comedy,1985,2,9500000,28.025746,7118500,7.4,564,-2381500
Comedy,1986,4,13750000,9.46495975,19836403.75,5.725,108.25,6086403.75
Comedy,1987,6,8800000,12.2572165,27240308.83,6.183333333,291.8333333,18440308.83
Comedy,1988,4,8750000,9.15834725,57617097,5.775,209.75,48867097
Comedy,1989,7,10642857.14,9.721128714,41201998.57,6.385714286,259.1428571,30559141.43
Comedy,1990,7,16746428.57,9.057471143,112671760.4,6.2,609.5714286,95925331.86
Comedy,1991,5,12800000,13.8885366,25765180.4,6.04,269.8,12965180.4
Comedy,1992,7,22714285.71,22.86320814,99004413.57,6.428571429,543.1428571,76290127.86
Comedy,1993,7,10842857.14,16.94512157,91958936.43,6.385714286,484.7142857,81116079.29
Comedy,1994,15,18135133.33,25.33578013,92854728.27,6.28,1008.866667,74719594.93
Comedy,1995,11,12068181.82,8.286615818,26486275.55,6.172727273,191.9090909,14418093.73
Comedy,1996,28,16239285.71,9.492898036,28673885.32,6.1,210.1428571,12434599.61
Comedy,1997,24,13864583.33,10.39418233,58659925.38,6.441666667,294.9166667,44795342.04
Comedy,1998,40,15083750,10.8730684,40480114.9,6.305,385.675,25396364.9
Comedy,1999,54,19909481.48,10.17791546,32491545.56,6.012962963,236.0740741,12582064.07
Comedy,2000,40,25445000,11.66919957,54881820.6,5.8325,303.15,29436820.6
Comedy,2001,49,18454081.63,13.66529224,45806170.33,5.926530612,380.244898,27352088.69
Comedy,2002,51,14900983.51,9.709638569,33467118.67,5.856862745,196.8039216,18566135.16
Comedy,2003,46,15423084.74,11.43576204,50438275.87,5.404347826,313.5,35015191.13
Comedy,2004,56,23608928.57,16.85661541,49433990.98,5.823214286,436.4285714,25825062.41
Comedy,2005,50,18715690.48,9.47883382,38049745.78,5.756,238.16,19334055.3
Comedy,2006,55,20874543.04,13.64306082,57023841.62,5.918181818,392.3818182,36149298.58
Comedy,2007,40,15320500,11.91894147,54294447.65,5.6625,362.725,38973947.65
Comedy,2008,52,22826923.08,16.85998917,60832958.23,5.867307692,425.4615385,38006035.15
Comedy,2009,60,20710001.92,15.71595107,58798544.4,5.738333333,505.1333333,38088542.48
Comedy,2010,58,28433925.62,14.84082848,69233604.21,5.763793103,422.6724138,40799678.59
Comedy,2011,43,27284628,17.98562653,73023248.86,5.806976744,597.2325581,45738620.86
Comedy,2012,46,20378260.87,18.35472276,53964657.57,5.686956522,574.7173913,33586396.7
Comedy,2013,49,13853510.51,20.66622184,48261775.9,6.089795918,568.877551,34408265.39
Comedy,2014,32,16893750,27.34659281,58882184.38,5.853125,741.125,41988434.38
Comedy,2015,25,27048000,28.41345336,71035439.12,6.076,775.48,43987439.12
Comedy,2016,11,23863636.36,32.12939955,72038163.82,5.736363636,823.1818182,48174527.45
Comedy,2017,1,0,0.71087,0,7.4,7,0
Crime,1982,1,0,1.063615,0,5,12,0
Crime,1983,1,10000000,13.455373,33697647,6.9,291,23697647
Crime,1984,1,10000000,9.525626,8801940,6.4,137,-1198060
Crime,1985,1,12000000,19.195399,68706993,7,375,56706993
Crime,1986,2,13500000,28.7865425,26143707,7.25,790.5,12643707
Crime,1987,2,20000000,31.585788,60059261.5,7.3,965,40059261.5
Crime,1988,2,7150000,8.552308,22540674,6.65,142.5,15390674
Crime,1990,1,54000000,59.194915,136766062,7.1,1546,82766062
Crime,1991,3,20166666.67,21.19817267,170848997,7.5,1827.333333,150682330.3
Crime,1992,3,16233333.33,28.93062867,8462078.333,7.2,1367,-7771255
Crime,1995,6,17083333.33,30.21276283,116502900.7,6.366666667,1336.666667,99419567.33
Crime,1996,8,26500000,15.68886513,73577919.63,6.6375,415.25,47077919.63
Crime,1997,9,30081883.67,12.36327711,46356011.44,6.833333333,379.3333333,16274127.78
Crime,1998,3,40000000,16.31875933,82363803,6,271.6666667,42363803
Crime,1999,5,27700000,16.5415342,73507927.8,6.74,266,45807927.8
Crime,2000,9,18333333.33,12.31005756,39854703.44,6.622222222,486.6666667,21521370.11
Crime,2001,8,26875000,12.3695955,32571940.38,6.625,308.375,5696940.375
Crime,2002,12,30833333.33,16.20926308,53143080.42,6.433333333,431.0833333,22309747.08
Crime,2003,9,9000000,10.99533556,20820765.11,6.288888889,175.2222222,11820765.11
Crime,2004,4,9737500,5.61106575,3400985.75,6.025,74.5,-6336514.25
Crime,2005,7,29000000,19.92636786,62616404.43,6.6,476.4285714,33616404.43
Crime,2006,7,23714285.71,16.87926786,50742296.14,6.071428571,438.7142857,27028010.43
Crime,2007,9,35555555.56,27.07002589,87615984.89,6.722222222,1190.555556,52060429.33
Crime,2008,6,14516666.67,10.7714545,21302748.5,5.9,284.6666667,6786081.833
Crime,2009,7,7034114.286,12.14827929,13746253.86,6.442857143,238.4285714,6712139.571
Crime,2010,11,22545454.55,14.70051973,30461252.27,6.163636364,356.5454545,7915797.727
Crime,2011,4,31750000,23.51701075,83192991.75,6.2,661.75,51442991.75
Crime,2012,8,25000062.5,26.6695125,56021412.13,5.425,894.75,31021349.63
Crime,2013,6,36666666.67,33.2861235,104731770.2,6.516666667,1725.5,68065103.5
Crime,2014,12,19011666.67,35.9057905,34865002.92,5.916666667,923.75,15853336.25
Crime,2015,12,27050000,35.44602183,40232590,6.033333333,1036.166667,13182590
Crime,2016,2,12500000,12.7906505,7718404,4.75,290,-4781596
Documentary,1989,1,160000,3.284903,6706368,7.4,90,6546368
Documentary,1994,1,700000,9.188431,7830611,7.7,87,7130611
Documentary,1997,1,0,2.77754,0,6.3,22,0
Documentary,1999,1,2053648,2.778633,500000,7.8,17,-1553648
Documentary,2000,1,0,1.830306,21268532,7.5,10,21268532
Documentary,2001,3,12055465.67,2.366072333,7430360,6.566666667,34.66666667,-4625105.667
Documentary,2002,3,3000000,8.727278667,33282261.67,6.133333333,266.3333333,30282261.67
Documentary,2003,3,72.66666667,5.188603667,5015938.667,6.133333333,56,5015866
Documentary,2004,5,1733000,6.9774626,32171119,6.9,192.6,30438119
Documentary,2005,8,1037500,3.049867125,16142806.25,6.725,56,15105306.25
Documentary,2006,8,375000,2.93195675,5990237.375,6.9625,44.125,5615237.375
Documentary,2007,6,2333333.333,3.722199667,4374132.833,6.9,59.33333333,2040799.5
Documentary,2008,6,1000000,3.0616465,1253146,7.366666667,47,253146
Documentary,2009,4,5000000,5.52552,9210728.75,6.5,71.25,4210728.75
Documentary,2010,6,1666666.667,4.044311667,2008213.333,6.1,65.16666667,341546.6667
Documentary,2011,4,5739000,4.1946675,29282548,4.6,59.75,23543548
Documentary,2012,8,2062500,3.7124795,8427089.875,6.6875,72.75,6364589.875
Documentary,2013,7,1657142.857,3.102442857,0,6.471428571,51.28571429,-1657142.857
Documentary,2014,7,130442.8571,0.303208143,0,3.528571429,2.428571429,-130442.8571
Documentary,2015,5,840000.4,0.7230032,0,2.94,11.6,-840000.4
Drama,1981,6,17083333.33,6.408876167,22423576,6.766666667,121.1666667,5340242.667
Drama,1982,3,12666666.67,16.302188,43905046.33,6.933333333,313.6666667,31238379.67
Drama,1983,6,6925000,8.2902085,23978687,5.75,118,17053687
Drama,1984,6,16533333.33,32.010711,45028408.33,7.2,768.3333333,28495075
Drama,1985,5,10400000,9.7781464,59151571.6,7.36,170.4,48751571.6
Drama,1986,4,10325000,20.81878825,49390117.25,6.75,436,39065117.25
Drama,1987,5,8700000,12.0134138,83669067.8,6.96,174.8,74969067.8
Drama,1988,5,10000000,17.1917692,91862575.4,6.6,448.2,81862575.4
Drama,1989,6,11433333.33,23.34647367,100417706.5,7.033333333,687.5,88984373.17
Drama,1990,4,18500000,26.882533,40060714.25,6.65,971.75,21560714.25
Drama,1991,6,20250000,10.28176067,52902974,6.1,200.3333333,32652974
Drama,1992,7,24428571.43,14.69486957,76750037.43,6.528571429,272.5714286,52321466
Drama,1993,14,16842857.14,19.0658275,87297928.86,7.035714286,529.5,70455071.71
Drama,1994,9,24611111.11,24.07273044,43132934.78,6.833333333,1053.666667,18521823.67
Drama,1995,16,17881250,20.97641425,59222292.25,6.7625,595.9375,41341042.25
Drama,1996,26,23802386.58,13.34283404,40170442.81,6.35,325.4615385,16368056.23
Drama,1997,26,28103076.92,16.93976358,110627723.3,6.773076923,674.8461538,82524646.38
Drama,1998,37,21148655.43,12.68306246,40748369.3,6.537837838,376.2972973,19599713.86
Drama,1999,50,24774000.5,13.16402136,30557459.34,6.276,428.06,5783458.84
Drama,2000,38,26665789.47,11.623089,45473034.82,6.265789474,268.7368421,18807245.34
Drama,2001,43,22750000,12.09547202,41841117.44,6.193023256,306.7209302,19091117.44
Drama,2002,52,22513461.54,14.42800367,51396258.75,6.438461538,411.0576923,28882797.21
Drama,2003,39,28774256.41,14.11868331,49036798.03,6.453846154,353.3076923,20262541.62
Drama,2004,55,17515922.73,13.26244011,48916950.2,6.296363636,342.5818182,31401027.47
Drama,2005,60,19927500,13.29441383,39276072.07,6.478333333,294.5833333,19348572.07
Drama,2006,70,18234714.29,12.94542554,36592111.01,6.45,403.2142857,18357396.73
Drama,2007,49,16696173.67,12.78221284,41928991.94,6.557142857,359.9795918,25232818.27
Drama,2008,67,19284029.85,17.70684467,51104400.97,6.417910448,590.6119403,31820371.12
Drama,2009,69,14577263.7,12.57200649,26916299.06,6.342028986,354.9565217,12339035.36
Drama,2010,65,16708227.31,16.74893685,46860589.91,6.266153846,578.5692308,30152362.6
Drama,2011,66,14861530.38,15.64736717,31280178.17,6.295454545,444.1060606,16418647.79
Drama,2012,42,16922619.05,21.02215057,64746847.86,6.469047619,969.8809524,47824228.81
Drama,2013,49,16264985.51,22.91281514,40687501.27,6.473469388,750,24422515.76
Drama,2014,55,12500912.91,19.99318865,32012200.78,5.769090909,583.0909091,19511287.87
Drama,2015,44,19461363.64,29.25800175,78002672.7,6.05,1023.522727,58541309.07
Drama,2016,16,13125000,9.449641313,26554120,5.9,264.875,13429120
Family,1981,1,5000000,14.779537,42365581,6.6,249,37365581
Family,1982,1,3500000,3.656491,20659423,6.8,37,17159423
Family,1987,1,0,12.335827,0,5.8,253,0
Family,1993,1,19000000,0.068228,2119994,5.6,5,-16880006
Family,1994,1,45000000,90.457886,788241776,8,5376,743241776
Family,1996,1,60000000,22.501041,129832389,5.5,575,69832389
Family,1998,1,0,0.722911,0,2.9,8,0
Family,1999,1,0,3.09159,0,6.3,14,0
Family,2000,2,72500000,24.892432,179348695.5,6.15,731.5,106848695.5
Family,2002,2,60000000,14.852628,101519677,5.35,323.5,41519677
Family,2003,3,32333333.33,16.854334,72500925,5.966666667,307,40167591.67
Family,2004,2,24500000,13.6043895,22045815.5,5.4,256.5,-2454184.5
Family,2005,2,70000000,31.652574,298501086,6.35,2008,228501086
Family,2006,2,17500000,5.9935055,6253094,4.05,76.5,-11246906
Family,2007,4,56250000,22.18276825,151945232.3,6.075,639,95695232.25
Family,2008,1,150000000,44.141021,603900354,6.2,1810,453900354
Family,2009,2,50000000,16.6355815,50043396.5,5.1,289.5,43396.5
Family,2010,4,73750000,27.2101695,288763238.5,5.75,1232,215013238.5
Family,2011,2,24000000,14.558982,78990852,5.35,230,54990852
Family,2012,3,75000000,34.05529267,192787429.3,5.333333333,1789,117787429.3
Family,2013,1,34000000,12.867326,0,6.3,121,-34000000
Family,2014,9,29888888.89,19.47852622,92348667,5.333333333,346.2222222,62459778.11
Family,2015,4,18500000,218.9605908,289182740.5,4.975,1143.5,270682740.5
Family,2016,3,82666666.67,46.66926133,438776714.3,6.033333333,1305,356110047.7
Fantasy,1981,1,18000000,3.258422,14110013,6.5,67,-3889987
Fantasy,1983,1,27000000,9.904881,16519460,5.8,129,-10480540
Fantasy,1984,2,13000000,28.225894,85081634.5,6.4,884.5,72081634.5
Fantasy,1985,1,25000000,12.18362,0,6.2,135,-25000000
Fantasy,1987,2,1000000,4.2475065,0,5.9,50.5,-1000000
Fantasy,1988,3,11000000,33.629851,95107813.33,6.9,942.3333333,84107813.33
Fantasy,1989,1,35000000,44.104469,411348924,7,2096,376348924
Fantasy,1990,2,21000000,44.7403175,279000000,7.2,2470,258000000
Fantasy,1992,2,33000000,31.6282925,74511325,6.8,737,41511325
Fantasy,1993,3,1000000,7.447602333,5312688.333,5.5,217,4312688.333
Fantasy,1994,4,20750000,25.911712,156366141.3,6.15,550.25,135616141.3
Fantasy,1995,4,25000002,19.5811575,140836908.5,6.275,516.25,115836906.5
Fantasy,1996,4,45750000,17.16588025,73416124.75,5.45,357,27666124.75
Fantasy,1997,2,13000000,2.861508,0,5.35,35.5,-13000000
Fantasy,1998,2,65000000,26.064527,90556300,6.9,668.5,25556300
Fantasy,1999,5,21400000,31.0471,70881492.4,6.68,1219,49481492.4
Fantasy,2000,5,56500000,15.200153,64570116,5.76,281,8070116
Fantasy,2001,3,7000000,63.11507867,92065205.67,6.966666667,2462.333333,85065205.67
Fantasy,2002,4,64500000,42.10860875,287393412,6.225,1804.5,222893412
Fantasy,2003,4,45000000,60.23274125,189886624,6.35,1675.75,144886624
Fantasy,2004,5,26840000,33.3529158,97531427,6.94,1129.6,70691427
Fantasy,2005,4,28250000,13.449073,30839205.25,5.4,295,2589205.25
Fantasy,2006,7,38714285.71,37.86812714,95698039.14,6.014285714,1189,56983753.43
Fantasy,2007,5,140600000,45.9944818,391642852.2,5.22,1569.8,251042852.2
Fantasy,2008,4,119312600,40.22594375,325933974,6.1,1906.25,206621374
Fantasy,2009,5,56600000,31.2627564,105973528.2,6.22,804.8,49373528.2
Fantasy,2010,6,72433333.33,23.616531,127915717.7,6.083333333,1124.666667,55482384.33
Fantasy,2011,4,49250000,39.302348,124029199.8,6,1098,74779199.75
Fantasy,2012,4,53750000,35.64279425,138265579.3,6.45,1057,84515579.25
Fantasy,2013,6,95000000,36.91651733,197635539.7,5.5,1630.166667,102635539.7
Fantasy,2014,3,125000000,92.245389,526855068.3,6.733333333,3084.666667,401855068.3
Fantasy,2015,5,56000000,40.6466408,116294238.6,6.58,976,60294238.6
Fantasy,2016,3,148333333.3,50.79998533,231891598.7,5.866666667,1321.666667,83558265.33
History,1995,1,44000000,3.770161,13681765,7.1,71,-30318235
History,1996,2,27500000,7.565032,70523589.5,6.05,80,43023589.5
History,2001,1,140000000,34.20669,449220945,6.6,1791,309220945
History,2005,1,2000000,3.980072,653621,6.8,31,-1346379
History,2006,1,0,11.706309,0,6.4,119,0
History,2007,3,23666666.67,12.69289233,18689766.67,6.7,152.3333333,-4976900
History,2008,1,20000000,30.909699,54586584,7.1,612,34586584
History,2009,1,80000000,33.691694,214104620,6.5,1344,134104620
History,2010,1,12000000,4.930129,0,6.7,57,-12000000
History,2011,1,13000000,23.3784,114956699,6.2,527,101956699
History,2012,2,38500000,21.0334205,142458148,6.55,732,103958148
History,2014,3,11333333.33,61.21010967,101916372,7.233333333,2248,90583038.67
History,2015,1,0,0.59458,0,5.1,8,0
History,2016,1,0,6.116436,0,5.8,29,0
Horror,1981,4,400000,15.25743075,12780694,6.225,337,12380694
Horror,1982,5,8040000,25.7719706,42789716.4,6.44,618.2,34749716.4
Horror,1983,2,7976000,17.4521925,11443527.5,7,382.5,3467527.5
Horror,1984,3,1883333.333,18.891004,20632630,6.133333333,493,18749296.67
Horror,1985,3,2900000,17.42396767,28643210.33,5.9,275.6666667,25743210.33
Horror,1986,6,9366666.667,19.31536017,41593796.5,6.266666667,681.6666667,32227129.83
Horror,1987,5,4320000,22.2086912,22300572,6.74,442.4,17980572
Horror,1988,6,5716666.667,12.62470467,27963240.33,5.683333333,235.1666667,22246573.67
Horror,1989,3,6000000,11.18917,15936871,5.166666667,206.3333333,9936871
Horror,1990,2,4500000,4.109886,0,3,17.5,-4500000
Horror,1991,2,20500000,27.017889,113187229.5,5.9,560,92687229.5
Horror,1992,1,10000000,10.125029,32101000,5.4,197,22101000
Horror,1994,2,37000000,32.4472905,120877394.5,6.8,903.5,83877394.5
Horror,1995,2,2500000,8.597257,7558317,5.85,132,5058317
Horror,1996,2,9500000,36.0243145,12918308,6.2,863.5,3418308
Horror,1997,4,40250000,26.32685325,89644821.25,6,599.75,49394821.25
Horror,1998,6,27333333.33,19.25009933,55778068,5.483333333,572,28444734.67
Horror,1999,10,22606000,14.5413585,58664483.3,5.49,333.6,36058483.3
Horror,2000,7,28571428.57,16.02728357,53242125.14,5.428571429,408.2857143,24670696.57
Horror,2001,8,7187500,15.893243,18887708.63,5.7,533.25,11700208.63
Horror,2002,9,17399556.67,18.19944411,40316089.67,5.577777778,592.7777778,22916533
Horror,2003,9,17177777.78,18.85980456,50612149.44,6.033333333,427.4444444,33434371.67
Horror,2004,6,24200000,32.86202017,87470180.67,6,1158.666667,63270180.67
Horror,2005,12,14195833.33,16.62014233,55580589.92,5.85,431.4166667,41384756.58
Horror,2006,14,15571428.57,16.86420643,51567945.64,5.657142857,425.2857143,35996517.07
Horror,2007,16,13207188.31,21.59790637,56355426.19,5.73125,637.5625,43148237.88
Horror,2008,14,5753571.429,10.40492571,16522965.29,5.457142857,214.2142857,10769393.86
Horror,2009,17,12664705.88,16.89226235,32998012.35,5.729411765,439.2941176,20333306.47
Horror,2010,11,9027272.727,20.81738709,60041764.09,5.027272727,496.3636364,51014491.36
Horror,2011,15,13403215.67,17.41274727,40042317.2,5.42,369.8,26639101.53
Horror,2012,18,4944444.444,15.51154811,25145877.28,5.333333333,400.8888889,20201432.83
Horror,2013,17,7085332.941,19.41693318,46792530.53,5.005882353,726.7058824,39707197.59
Horror,2014,15,12910000.07,25.78181613,61148471.4,5.146666667,636.3333333,48238471.33
Horror,2015,15,3440000,23.29137747,23397305.07,5.04,501.7333333,19957305.07
Horror,2016,11,11445454.55,27.20848218,53712906.82,5.727272727,673.4545455,42267452.27
Music,1983,1,12000000,3.389249,30400000,6.2,51,18400000
Music,1984,1,58000000,8.59075,25928721,6.6,68,-32071279
Music,1992,1,20000000,21.815122,121697323,6.5,728,101697323
Music,1995,1,0,6.775294,106269971,6.9,113,106269971
Music,1996,2,10000000,8.3640985,0,6.9,105,-10000000
Music,1998,1,13000000,11.880899,16757163,5.5,135,3757163
Music,2001,1,57000000,11.60815,16991902,6,190,-40008098
Music,2002,1,200000,0.06104,0,8,2,-200000
Music,2003,1,300000,1.314576,7808524,8,26,7508524
Music,2004,2,23500000,18.7081375,32887468,6.3,435.5,9387468
Music,2006,2,21000000,27.2387385,74468456.5,6.65,611,53468456.5
Music,2007,1,15000000,0.335195,22730842,6.7,10,7730842
Music,2008,2,11500000,14.716782,75408350,6,322,63908350
Music,2009,3,20000000,11.77894867,0,6.133333333,169.6666667,-20000000
Music,2011,1,10000000,2.873796,0,4.3,16,-10000000
Music,2012,1,33000000,29.775441,140470746,6.7,663,107470746
Music,2013,2,19000000,8.054511,12261222,6.3,85.5,-6738778
Music,2014,2,22500000,12.4097535,33673506.5,7.1,180,11173506.5
Music,2015,2,261180,0.0539405,0,2.5,0.5,-261180
Music,2016,1,0,0.674398,0,6,2,0
Mystery,1998,4,27015000,23.772874,59281787.25,6.6,501.5,32266787.25
Mystery,1999,2,52500000,50.477944,417448750,7.4,2190.5,364948750
Mystery,2000,3,14000000,23.98176067,13241032,5.766666667,1450,-758968
Mystery,2001,3,38566666.67,11.859364,40626609,5.733333333,226.6666667,2059942.333
Mystery,2002,2,43750000,18.237246,137825351.5,5.8,444,94075351.5
Mystery,2003,2,21000000,28.2256285,45129779.5,5.85,575,24129779.5
Mystery,2004,3,32333333.33,21.50090333,86858119.33,5.8,424,54524786
Mystery,2005,2,33750000,15.1472845,39591170,5.85,264,5841170
Mystery,2006,1,0,3.069605,0,6.4,66,0
Mystery,2008,2,47500000,33.400972,90799898,6.15,654,43299898
Mystery,2009,3,8333333.333,15.07433833,47689337.67,5.7,312.3333333,39356004.33
Mystery,2010,1,20000000,28.867568,54956140,6.2,633,34956140
Mystery,2011,2,35000,4.983261,0,6.15,85,-35000
Mystery,2012,1,0,4.596157,0,5.6,63,0
Mystery,2014,3,28666666.67,64.59831867,128259172.3,6.233333333,2179,99592505.67
Mystery,2015,3,0,2.480925333,0,6.366666667,29,0
Mystery,2016,2,11750000,56.6267805,62065627.5,6.7,1807.5,50315627.5
Romance,1981,1,12000000,6.803763,0,6.4,110,-12000000
Romance,1985,2,430000,9.139,21931056.5,6.8,151,21501056.5
Romance,1986,1,2700000,10.47644,3500000,5.9,108,800000
Romance,1990,2,7000000,28.4172405,231500000,6.75,932.5,224500000
Romance,1992,2,21852769,26.9313075,139205819.5,7,616,117353050.5
Romance,1993,2,12800000,43.0135625,50453486.5,7.45,1610,37653486.5
Romance,1994,2,24000000,47.086897,186891703.5,6.4,1327.5,162891703.5
Romance,1995,1,6000000,16.139771,2122561,6.8,392,-3877439
Romance,1997,1,0,0.36447,0,4.8,4,0
Romance,1998,6,16250000,19.32122333,123220518.3,6.433333333,481.5,106970518.3
Romance,1999,6,33000000,11.45680933,117077712,6.266666667,349.6666667,84077712
Romance,2000,5,11600000,2.5173302,7321999,5.74,30.8,-4278001
Romance,2002,3,41333333.33,17.264074,57354246,5.9,273,16020912.67
Romance,2003,1,18000000,18.492655,62646763,6,303,44646763
Romance,2004,7,12928571.43,11.12388029,19798401.43,5.685714286,473.2857143,6869830
Romance,2005,5,47600000,20.2076212,90852895.6,6.58,660.8,43252895.6
Romance,2006,7,18285714.29,13.32441857,48608102.29,5.528571429,299.2857143,30322388
Romance,2007,2,5000000,8.702898,8750000,6.25,102.5,3750000
Romance,2008,3,38333333.33,21.59099167,72764829.67,5.466666667,397.6666667,34431496.33
Romance,2009,4,55786663,25.2745795,114146566,6.65,511.5,58359903
Romance,2010,7,9495000,13.76710571,12264912.57,5.5,281.4285714,2769912.571
Romance,2011,5,33380532,19.9704044,79190733.4,6.02,836.4,45810201.4
Romance,2012,2,28500000,21.0115545,76472440.5,5.7,570,47972440.5
Romance,2013,7,9671464.286,24.12947186,28923600.14,7,1085.285714,19252135.86
Romance,2014,7,14142857.14,19.38081629,59888952.43,6.442857143,701,45746095.29
Romance,2015,8,23325000.13,28.9942015,92726047.38,6.7375,861.25,69401047.25
Romance,2016,4,16500000,14.90610475,31615594.5,5.125,324,15115594.5
Science Fiction,1981,1,6000000,24.351305,50244700,6.9,703,44244700
Science Fiction,1982,3,18833333.33,52.95416467,298912505.3,6.9,2305.666667,280079172
Science Fiction,1984,2,9000000,10.9930175,43500000,6.35,273.5,34500000
Science Fiction,1985,1,0,0.319792,0,2.8,10,0
Science Fiction,1986,2,18000000,13.2463485,68942331.5,6.2,267,50942331.5
Science Fiction,1987,1,18000000,50.009408,98235548,7.3,2093,80235548
Science Fiction,1988,1,8000000,39.338097,553171,7.8,773,-7446829
Science Fiction,1989,1,30000000,19.578249,70200000,5.6,376,40200000
Science Fiction,1990,1,35000000,27.934978,57120318,5.9,730,22120318
Science Fiction,1991,2,26000000,15.8468545,87450000,6.25,349.5,61450000
Science Fiction,1992,1,50000000,45.856409,159773545,6.2,1633,109773545
Science Fiction,1994,1,38000000,14.779041,120000000,6.4,452,82000000
Science Fiction,1995,1,35000000,23.607071,113374103,5.5,453,78374103
Science Fiction,1996,1,46000000,25.6713,150000000,7,661,104000000
Science Fiction,1997,5,38550000,19.284362,46274083.6,5.34,561,7724083.6
Science Fiction,1998,2,72500000,19.1859155,65550000,6.05,433.5,-6950000
Science Fiction,1999,1,12000000,4.580081,36450736,3.3,75,24450736
Science Fiction,2000,4,82500000,20.690245,116136622,5.675,761,33636622
Science Fiction,2001,1,10000000,5.699058,44460850,6.6,67,34460850
Science Fiction,2002,2,70000000,23.792044,95521001,5.95,555,25521001
Science Fiction,2004,4,24501750,50.689251,74412277.5,6.95,1905.5,49910527.5
Science Fiction,2005,2,76000000,44.748682,444434732,7.25,2690,368434732
Science Fiction,2006,1,30000000,15.89534,31070211,4.8,458,1070211
Science Fiction,2007,5,30120000,30.9298112,20947741,6.82,787,-9172259
Science Fiction,2008,1,150000000,62.898336,163712074,6.1,3021,13712074
Science Fiction,2009,5,81000000,45.6937012,309500630.8,6.78,2677.6,228500630.8
Science Fiction,2010,3,19333333.33,21.78424967,47535197.33,5.666666667,486.6666667,28201864
Science Fiction,2011,4,13300000,12.05716425,31972844.75,5.675,492.5,18672844.75
Science Fiction,2012,7,63557142.86,55.85961643,394609111.7,6.528571429,4135.428571,331051968.9
Science Fiction,2013,7,71571428.57,55.15396543,222797092.1,6.1,2684.285714,151225663.6
Science Fiction,2014,7,90142857.14,107.2331406,433312337.7,6.028571429,2400.714286,343169480.6
Science Fiction,2015,8,62428125.38,63.53333913,150834336.5,5.3625,1793,88406211.13
Science Fiction,2016,1,178000000,139.272042,543934787,6.4,4721,365934787
Thriller,1983,1,12000000,23.161754,79567667,7,504,67567667
Thriller,1991,1,15000000,10.484642,30102717,5.3,215,15102717
Thriller,1992,2,12500003.5,15.7167065,205503372.5,5.9,362,193003369
Thriller,1994,2,17500000,67.3856015,157787671.5,6.9,4355,140287671.5
Thriller,1995,1,7000000,25.511217,25405445,6.8,881,18405445
Thriller,1996,1,18000000,5.380733,0,6.1,12,-18000000
Thriller,1997,3,34750000,45.32278633,43699299.67,6.766666667,1059.666667,8949299.667
Thriller,1998,1,70000000,10.930537,19870567,5.5,179,-50129433
Thriller,1999,5,24200000,17.8294128,49626656.4,6.46,382.6,25426656.4
Thriller,2000,9,29222222.22,19.89138011,53597621.56,6.1,887,24375399.33
Thriller,2001,5,50000005.6,32.9988146,186613267,6.46,1379.2,136613261.4
Thriller,2002,8,31687500,21.09689788,75976913.75,6.225,460.875,44289413.75
Thriller,2003,7,30542857.14,15.305274,59578453.14,6.128571429,411.5714286,29035596
Thriller,2004,6,38966666.67,28.77342117,103084928.8,6.65,810.1666667,64118262.17
Thriller,2005,5,37000000,14.1225794,66372853.6,4.98,278.2,29372853.6
Thriller,2006,2,85000000,31.7496115,425310229.5,6.05,1485.5,340310229.5
Thriller,2007,12,38541666.67,20.41991808,57449567.5,5.633333333,545,18907900.83
Thriller,2008,6,20833333.33,14.81439183,44709885.17,6.25,393.6666667,23876551.83
Thriller,2009,11,29536363.64,22.31993473,53796832.82,6.190909091,531.7272727,24260469.18
Thriller,2010,3,42333333.33,41.660232,111755167,6.333333333,1371.666667,69421833.67
Thriller,2011,12,27541666.67,33.7221835,106982439.4,6.433333333,1257.416667,79440772.75
Thriller,2012,14,26504285.71,19.88551757,60628712.64,5.128571429,585.2857143,34124426.93
Thriller,2013,15,22731333.33,26.59685767,31106217.2,5.773333333,927.0666667,8374883.867
Thriller,2014,26,15511538.46,21.67291265,38089517.31,4.726923077,513.1153846,22577978.85
Thriller,2015,28,9628571.429,12.28753096,18307706.25,4.664285714,319.6785714,8679134.821
Thriller,2016,7,7750000,20.67995886,34976034.86,5.457142857,665.1428571,27226034.86
War,1989,2,13500000,10.3716385,13414182.5,7.4,227,-85817.5
War,1993,1,0,5.529035,25000000,6.6,90,25000000
War,1995,1,35000000,2.877488,15000000,6.7,25,-20000000
War,2001,1,68000000,41.273567,96976270,7.2,999,28976270
War,2002,2,17500000,5.714952,14941322.5,6.1,87.5,-2558677.5
War,2004,1,155000000,39.019229,167298192,5.6,927,12298192
War,2005,1,0,1.906807,0,6.5,28,0
War,2006,2,61000000,14.642268,35907578.5,6.3,306,-25092421.5
War,2008,1,12500000,34.821223,20416563,7.7,1451,7916563
War,2010,1,100000000,30.254021,94882889,6.4,717,-5117111
War,2011,1,20000000,5.727602,17479,5.8,62,-19982521
War,2013,1,10000000,0.072085,0,5.8,14,-10000000
War,2014,5,43860000,58.6927006,184925877.4,6.74,2074.2,141065877.4
War,2016,1,50000000,21.589393,25035950,6.6,428,-24964050
Western,1983,1,0,0.592821,0,0,0,0
Western,1992,1,14000000,37.380435,159157447,7.7,1113,145157447
Western,1999,1,0,0.910529,0,9.3,2,0
Western,2002,1,80000000,41.670544,122563539,7.4,831,42563539
Western,2003,1,22000000,19.068175,68296293,7,262,46296293
Western,2004,2,122500000,13.7098465,66961705.5,6.15,212,-55538294.5
Western,2007,1,55000000,48.801089,70016220,6.9,1188,15016220
Western,2014,2,8500000,10.52544,1721426.5,4.8,130.5,-6778573.5
Western,2015,3,48666666.67,37.43231467,177650167.7,4.366666667,2165.666667,128983501